year,month,day,b1,b2,b3,b4,b5,pb,pp,tickets,pbpurchase,pppurchase,jackpot,winners,rollovers,value,wb5pb_jp,wb5_1000000,wb4pb_50000,wb4_100,wb3pb_100,wb3_7,wb2pb_7,wb1pb_4,wb0pb_4,wb5pp_2000000,wb4pbpp_150000,wb4pp_300,wb3pbpp_300,wb3pp_21,wb2pbpp_21,wb1pbpp_12,wb0pbpp_12,totalwon,ticketswin,wb1prior,wb2prior,wb3prior,wb4prior,wb5prior,wb1win,wb2win,wb3win,wb4win,wb5win,pbprevdraw,pbprevwin
2020,6,20,67,10,31,63,41,5,3,10374959,20749918,2678995,25600000,0,3,-1.59,0,1,10,204,453,11575,10626,86054,214749,0,1,45,149,3788,3660,29828,74142,4536567,435285,38,36,45,48,42,3,1,4,1,0,15,2
2020,6,17,10,7,68,64,63,10,3,9243787,18487574,2357707,22000000,0,2,-1.60,0,1,5,145,424,10170,9586,78336,184812,0,1,52,127,3469,3495,27703,63511,3942296,381837,37,35,44,47,41,3,1,4,1,0,20,2
2020,6,13,65,12,2,32,50,5,3,10006606,20013212,2567607,20000000,0,1,-1.61,0,0,6,157,506,12148,11191,87093,201850,1,1,70,168,4198,3841,29584,69176,5260784,419990,28,42,33,52,38,2,5,3,5,0,14,2
2020,6,10,33,10,41,54,52,18,5,9588292,19176584,2394843,22000000,1,0,-1.60,1,0,6,143,485,11432,9625,77172,184121,0,2,45,144,3668,3280,25680,61761,25107271,377565,36,36,42,38,34,3,3,2,4,6,21,1
2020,6,6,68,38,69,1,17,18,2,10675612,21351224,2683881,20000000,0,1,-1.61,0,0,5,183,471,12367,10504,84414,204948,1,3,82,179,4100,3555,28303,68727,5486360,417842,43,31,46,36,37,4,2,0,3,5,20,1
2020,6,3,64,26,1,3,41,17,2,12003071,24006142,2869470,136400000,1,0,-1.21,1,0,5,232,622,15633,13610,100563,234896,0,7,76,224,4765,4303,31210,74251,140877897,480398,46,32,35,42,41,0,3,2,2,0,17,2
2020,5,30,32,13,58,41,60,14,2,12966773,25933546,3118428,125000000,0,15,-1.25,0,0,15,226,615,15380,12774,100333,252111,0,1,80,184,4842,3977,31047,79462,4181461,501047,51,28,27,40,31,5,4,2,0,3,14,1
2020,5,27,58,38,59,64,68,21,3,11117080,22234160,2637479,114000000,0,14,-1.29,0,0,7,183,462,12292,10312,80793,225047,0,3,64,155,3706,3167,25105,70826,3607293,432122,26,30,43,45,42,2,2,2,0,4,26,1
2020,5,23,2,23,8,18,21,16,4,12095670,24191340,2803976,104000000,0,13,-1.32,0,0,14,651,823,25803,14601,97492,220150,1,2,210,256,8302,4278,28575,63549,6210264,464707,32,52,37,33,40,3,5,4,3,3,14,1
2020,5,20,42,40,50,18,34,9,2,10064069,20128138,2385903,95000000,0,12,-1.36,0,1,4,170,490,12122,10304,83656,213549,0,1,58,142,3665,3270,26781,68906,4115681,423119,38,34,37,32,25,1,1,0,3,2,21,2
2020,5,16,8,12,26,42,39,11,2,10841380,21682760,2617108,86000000,0,11,-1.39,0,1,8,293,742,17262,13832,98513,223610,0,4,67,279,5692,4609,31892,72351,5180687,469155,36,41,31,37,36,4,5,3,1,1,19,0
2020,5,13,57,54,53,56,39,20,3,9502702,19005404,2306234,77000000,0,10,-1.42,0,0,5,187,426,10451,8580,68354,184131,1,2,52,117,3350,2728,21240,58789,4893143,358413,39,37,41,40,35,2,3,1,4,1,18,1
2020,5,9,42,12,65,48,18,19,5,10374882,20749764,2499199,68000000,0,9,-1.45,0,0,6,214,474,12587,10716,84171,204347,1,1,57,155,3868,3394,26708,64628,5148127,411327,36,40,27,30,31,1,5,2,2,3,21,0
2020,5,6,65,8,7,50,35,20,4,8986652,17973304,2180324,59000000,0,8,-1.48,0,1,8,171,387,10753,9259,71598,164483,1,1,57,124,3337,2944,22466,51743,5766917,337333,26,35,34,36,27,2,4,1,0,1,17,1
2020,5,2,58,33,13,68,16,24,5,9946987,19893974,2418817,51000000,0,7,-1.51,0,0,5,171,451,11477,9594,76901,188071,0,0,61,134,3608,3134,24503,60201,2736115,378311,25,35,27,41,38,2,2,4,4,3,25,4
2020,4,29,49,61,67,2,20,20,2,8353661,16707322,2040544,43000000,0,6,-1.53,0,1,6,136,365,9160,8347,64440,154560,0,6,43,122,2767,2754,20633,49481,4255458,312821,29,45,36,31,39,0,2,1,3,3,16,1
2020,4,25,1,21,3,57,47,18,2,8976518,17953036,2199573,37000000,0,5,-1.55,0,0,10,190,435,12285,9928,73740,170348,0,1,58,137,3993,3300,24123,55734,3014280,354282,34,39,41,38,33,2,3,2,2,1,19,0
2020,4,22,1,40,69,33,35,24,5,7885946,15771892,1930814,29000000,0,4,-1.58,0,1,4,137,369,9293,7441,60368,148934,1,1,33,123,2839,2342,19563,48172,5323367,299621,33,33,45,34,26,2,1,0,2,1,24,4
2020,4,18,46,63,56,4,44,19,2,8739665,17479330,2153219,24000000,0,3,-1.60,0,3,7,158,329,9704,8623,69336,171858,0,4,44,128,3165,2733,22174,56567,6212115,344833,26,40,39,28,35,0,0,4,3,5,20,0
2020,4,15,10,33,41,12,36,2,3,7569646,15139292,1863800,22000000,0,2,-1.60,0,1,6,183,415,10710,8608,62608,140451,0,0,51,116,3393,2739,20068,44742,3263854,294091,35,33,39,39,32,2,2,0,5,2,18,3
2020,4,11,29,47,30,22,42,17,3,8554534,17109068,2054676,20000000,0,1,-1.61,0,0,6,145,413,11006,9027,70104,166610,0,3,45,145,3357,3023,22367,53507,2994355,339758,36,32,33,31,35,3,1,3,3,1,16,2
2020,4,8,48,54,39,2,37,5,3,10906522,21813044,2371551,190000000,1,0,-1.03,1,1,10,218,536,13396,11692,94903,239571,0,4,65,132,3633,3288,26868,69170,195045809,463488,29,36,34,30,33,2,3,1,3,4,13,2
2020,4,4,40,43,31,8,39,4,3,11790833,23581666,2582559,180000000,0,15,-1.06,0,1,9,223,631,15424,13561,104104,246782,1,5,54,160,4370,3753,29117,69095,7305166,487290,32,32,30,34,33,1,1,2,4,0,18,2
2020,4,1,60,45,48,33,35,16,2,10875742,21751484,2355143,170000000,0,14,-1.10,0,0,8,212,468,12994,10769,82962,209561,0,2,66,118,3498,2787,21844,56361,3230078,401650,30,32,28,32,25,3,2,1,2,1,13,1
2020,3,28,40,7,55,66,48,11,2,11820223,23640446,2571251,160000000,0,13,-1.13,0,1,7,201,557,14151,12965,106041,257439,0,2,55,153,3810,3653,30543,74122,4844635,503700,31,33,30,37,27,1,1,2,2,1,18,0
2020,3,25,42,9,5,27,39,16,2,10847664,21695328,2324527,150000000,0,12,-1.17,0,2,10,308,640,18222,12428,89968,205762,2,3,83,178,5036,3585,24971,55960,9672783,417158,34,37,34,37,32,1,6,3,4,0,12,1
2020,3,21,69,23,2,59,40,13,2,12443051,24886102,2665230,140000000,0,11,-1.20,0,1,6,243,642,15407,14329,114424,277637,0,0,47,200,4193,3927,32788,78698,4747348,542542,44,51,29,42,30,0,5,2,2,1,23,1
2020,3,18,27,15,59,44,63,8,4,12137341,24274682,2525740,130000000,0,10,-1.24,0,1,13,232,588,15193,13408,104848,261644,0,5,62,150,3895,3378,27418,68396,5514276,499231,36,33,41,34,39,4,2,2,5,0,20,2
2020,3,14,26,32,9,23,30,8,3,14549382,29098764,3221134,120000000,0,9,-1.27,0,1,14,384,945,23663,18479,131036,294992,0,8,105,295,7134,5165,36976,82107,6839281,601304,30,50,36,50,32,3,5,6,5,3,19,2
2020,3,11,29,50,67,4,49,2,4,13334186,26668372,2882973,110000000,0,8,-1.30,0,3,7,285,625,16202,13529,108820,267433,0,2,52,182,4333,3681,28712,71894,6899895,515760,35,35,35,27,28,3,0,1,3,0,17,3
2020,3,7,15,62,7,21,33,23,2,14830583,29661166,3268245,100000000,0,7,-1.34,0,0,14,358,807,22503,16955,123652,284965,0,4,101,256,6546,4809,34608,79351,5040237,574929,32,40,32,38,31,2,4,1,3,2,14,0
2020,3,4,68,60,18,43,58,14,2,12523260,25046520,2798960,90000000,0,6,-1.37,0,1,9,232,552,14258,11837,96215,251473,0,5,61,146,3898,3195,27375,71280,5246730,480537,40,29,30,31,24,4,3,3,1,2,13,1
2020,2,29,24,50,46,44,51,13,3,13419449,26838898,3090263,80000000,0,5,-1.41,0,1,11,239,598,16166,14441,114490,297853,0,4,65,197,4831,4304,34954,94238,5918060,582392,31,34,25,33,25,2,0,0,5,1,22,1
2020,2,26,27,29,36,47,8,24,3,11511704,23023408,2587932,70000000,0,4,-1.44,0,1,9,247,622,16757,12574,95518,221113,0,1,55,198,4922,3713,27946,64182,4521512,447858,35,34,31,31,33,4,3,2,1,4,23,4
2020,2,22,61,62,37,39,25,11,3,12482210,24964420,2861620,60000000,0,3,-1.47,0,2,5,226,626,14528,12972,105089,274123,0,1,79,163,4218,3989,31598,84268,5829887,531887,44,39,32,31,36,2,4,3,0,3,17,0
2020,2,19,15,10,12,56,19,19,2,10766028,21532056,2440474,50000000,0,2,-1.51,0,1,14,341,720,19505,13707,94893,208427,0,0,122,252,6323,4314,28616,60072,4651697,437307,31,34,38,38,34,2,2,5,4,4,19,0
2020,2,15,32,16,36,46,35,3,3,11591554,23183108,2703665,40000000,0,1,-1.54,0,0,8,238,591,15023,12143,96794,247145,0,3,75,159,4398,3697,29199,76001,4001413,485474,49,37,30,24,24,5,3,2,0,1,22,1
2020,2,12,55,68,47,54,14,25,2,11224983,22449966,2543277,70000000,1,0,-1.44,1,1,9,204,545,12911,10537,86580,223721,0,1,50,128,3621,3039,24442,65259,74349912,431049,29,39,30,35,37,2,4,1,2,2,22,2
2020,2,8,59,66,35,50,49,6,2,12270206,24540412,2859020,60000000,0,3,-1.47,0,0,5,221,541,13154,11367,92477,259885,0,3,49,162,3846,3345,27168,77852,3831846,490075,40,36,23,33,27,2,2,1,0,0,21,1
2020,2,5,57,41,35,30,23,2,3,10931842,21863684,2516466,50000000,0,2,-1.51,0,0,9,186,503,13410,11007,87691,216490,1,2,59,134,3776,3212,25041,62867,5466087,424388,37,38,22,31,49,2,0,1,3,5,16,3
2020,2,1,33,60,54,57,12,13,4,13389560,26779120,3054540,40000000,0,1,-1.54,0,1,7,229,675,15944,14325,118162,296422,0,2,89,172,4703,4430,36633,92128,5425844,583922,30,28,34,36,37,2,3,1,2,5,21,1
2020,1,29,12,60,9,15,31,2,2,35133109,70266218,5927113,396900000,1,0,-0.32,1,3,32,835,2170,55930,43574,317129,731442,0,8,169,466,12048,8854,63396,144455,411014966,1380512,36,27,35,30,29,5,3,6,2,2,15,3
2020,1,25,36,17,2,67,9,18,2,32362367,64724734,5709535,373000000,0,24,-0.40,0,3,27,720,1931,48237,38747,290434,680629,0,1,152,435,10421,8542,61844,144152,12304515,1286275,29,36,28,34,34,2,5,2,1,5,18,0
2020,1,22,33,59,44,67,11,8,3,27701764,55403528,4818147,343000000,0,23,-0.51,0,2,23,640,1511,39143,32154,250920,616712,0,5,123,348,8325,6706,53180,131695,10760158,1141487,29,39,32,33,29,2,2,5,1,1,18,2
2020,1,18,24,68,20,38,56,18,2,26961131,53922262,4894455,321000000,0,22,-0.58,0,1,28,507,1407,35081,30358,234681,572861,0,4,112,305,7374,6423,51121,125747,9416894,1066010,30,38,38,29,37,2,3,3,2,4,17,0
2020,1,15,39,55,53,41,68,19,2,23291790,46583580,4182862,296000000,0,21,-0.67,0,0,19,447,1285,29427,25351,196359,501198,0,2,89,231,6053,5287,42362,109785,6756778,917895,30,28,40,37,37,0,1,1,0,3,18,0
2020,1,11,23,59,31,3,21,3,2,22687261,45374522,4260126,277000000,0,20,-0.73,0,1,24,538,1502,34343,29652,210569,476247,1,5,125,366,8181,7384,49911,108574,10725214,927423,48,38,28,40,37,5,2,1,2,3,21,1
2020,1,8,7,43,56,4,2,22,4,20715540,41431080,3741201,258000000,0,19,-0.80,0,1,24,432,1340,34071,25793,182129,415820,0,4,99,295,8101,5742,39695,89123,7742763,802669,31,30,36,26,27,1,1,4,3,2,19,2
2020,1,4,54,1,25,21,11,7,2,21381004,42762008,4114959,237000000,0,18,-0.87,0,0,26,573,1852,36268,32881,218161,477259,3,7,161,480,9634,8680,54213,115923,14476749,956121,33,32,35,36,28,1,2,3,3,1,16,1
2020,1,1,49,53,57,59,62,26,2,20319594,40639188,3717629,220000000,0,17,-0.93,0,1,12,399,1044,25114,20983,163497,440056,0,4,80,211,5357,4422,35332,98852,6984058,795364,26,39,35,37,38,0,1,2,2,4,19,1
2019,12,28,59,23,39,20,60,18,2,19170286,38340572,3757053,200000000,0,16,-1.00,0,0,11,388,1020,24555,20654,161615,395864,0,5,89,261,6079,4877,38351,95462,5928011,749231,36,47,29,37,26,2,5,0,3,2,16,0
2019,12,25,4,16,2,30,46,20,2,17300095,34600190,3186866,183000000,0,15,-1.05,0,4,21,453,1046,28748,20722,151223,346774,0,6,103,291,6979,4938,33598,76177,10123935,671083,25,36,26,30,23,3,3,2,3,0,15,1
2019,12,21,50,35,67,19,31,14,2,16491521,32983042,3385967,171000000,0,14,-1.09,0,1,13,323,821,21097,17433,136110,333607,0,2,79,194,5264,4538,34664,84864,5935056,639010,32,21,32,33,27,0,1,1,4,1,12,1
2019,12,18,39,26,68,18,14,9,2,14175783,28351566,2932910,160000000,0,13,-1.13,0,2,10,268,757,18419,16848,127663,306456,1,4,70,221,4772,4521,35228,85026,8911346,600266,28,29,36,29,36,0,3,3,3,1,20,2
2019,12,14,6,32,3,12,64,19,3,15434576,30869152,3277822,150000000,0,12,-1.17,0,1,12,385,1005,26033,19321,134892,306049,0,2,88,302,7593,5246,36537,82280,5932665,619746,33,48,39,35,44,3,5,2,4,0,17,0
2019,12,11,24,42,29,44,63,10,4,13237112,26474224,2793720,140000000,0,11,-1.20,0,0,8,248,697,16350,14537,115354,285296,0,2,61,182,4138,3855,31214,77646,4160382,549588,29,33,33,31,38,2,1,3,5,0,19,2
2019,12,7,66,53,18,42,62,25,3,14192913,28385826,3088239,130000000,0,10,-1.24,0,0,11,242,670,16655,13930,111284,287431,0,1,76,188,4598,3694,30380,79336,4170079,548496,35,38,28,32,37,2,1,3,1,4,21,1
2019,12,4,8,44,61,51,27,14,3,12495867,24991734,2706478,120000000,0,9,-1.27,0,1,13,251,785,15655,13146,102313,245730,2,2,61,204,4168,3681,27997,66765,9028852,480774,32,30,43,24,34,4,5,2,1,4,11,1
2019,11,30,42,35,15,63,68,18,4,12635365,25270730,2836372,110000000,0,8,-1.30,0,0,10,231,571,14692,12390,98603,252716,0,2,63,137,3960,3397,27584,72824,3894443,487180,31,20,29,37,35,1,1,1,0,3,15,0
2019,11,27,26,55,37,53,15,21,2,12991538,25983076,2782131,100000000,0,7,-1.34,0,0,6,271,664,16363,13601,106086,263676,0,5,76,177,4447,3878,28701,72787,4300877,510738,28,27,31,37,28,3,1,3,1,1,25,1
2019,11,23,38,28,66,35,61,23,3,12133899,24267798,2736263,90000000,0,6,-1.37,0,0,10,220,577,13539,11558,93239,243287,0,2,49,152,3872,3250,26916,71425,3791437,468096,28,42,34,19,42,2,1,2,1,2,13,0
2019,11,20,40,15,39,57,7,12,2,10362403,20724806,2350671,80000000,0,5,-1.41,0,0,9,204,547,13500,11705,90071,213324,0,5,53,175,3819,3507,26613,62861,3961049,426393,29,27,27,34,30,1,1,0,2,1,17,1
2019,11,16,26,55,63,14,22,26,3,11468659,22937318,2637514,70000000,0,4,-1.44,0,2,7,204,544,14071,11997,94843,228598,0,2,54,162,4135,3599,28586,67581,5582258,454385,27,26,36,35,30,3,1,0,1,3,18,1
2019,11,13,23,28,66,27,26,11,2,9653788,19307576,2211032,60000000,0,3,-1.47,0,1,10,196,544,12855,11682,90877,204570,0,0,60,172,4088,3683,27716,62828,4246866,419282,46,41,33,33,26,5,1,2,4,3,16,0
2019,11,9,14,38,60,35,17,25,2,10952934,21905868,2559431,50000000,0,2,-1.51,0,0,14,213,476,13256,10893,86810,210901,1,1,75,152,4086,3313,26036,64034,5583106,420261,34,27,25,18,35,1,2,2,1,5,20,1
2019,11,6,64,46,28,62,15,17,3,9808532,19617064,2264365,40000000,0,1,-1.54,0,0,3,175,460,11330,9489,77296,199275,1,0,54,139,3225,2797,23515,60598,4659235,388357,43,22,40,36,26,0,0,1,4,1,15,1
2019,11,2,23,37,32,58,3,22,2,15734285,31468570,3306780,150000000,1,0,-1.17,1,1,13,326,776,22152,16752,128574,307400,0,4,123,190,5889,4192,34069,81375,156067353,601837,45,30,47,23,38,5,3,5,2,2,18,2
2019,10,30,56,67,52,19,22,21,2,13555890,27111780,2782875,140000000,0,11,-1.20,0,0,9,284,672,17515,13964,111988,276685,0,7,73,159,4503,3573,28660,72521,4824013,530613,35,31,33,32,29,4,1,5,4,3,24,1
2019,10,26,3,54,20,59,48,4,4,14715417,29430834,3087294,130000000,0,10,-1.24,0,0,8,261,752,18341,15855,127893,312189,1,2,78,167,4824,4107,33596,82180,6451363,600254,37,32,36,35,26,1,1,3,2,1,17,2
2019,10,23,61,50,12,5,69,23,2,13244722,26489444,2739366,120000000,0,9,-1.27,0,1,8,243,645,16932,14275,111130,263313,1,1,52,182,4448,3757,28652,67073,6746226,510713,41,31,34,33,43,2,0,4,3,0,12,0
2019,10,19,65,27,59,14,29,12,2,14279929,28559858,3036881,110000000,0,8,-1.30,0,0,15,285,722,17891,15663,122755,302701,0,1,81,196,4736,4223,33558,83979,4619085,586806,25,32,34,33,32,2,4,2,1,3,16,1
2019,10,16,67,1,25,5,63,3,2,12822249,25644498,2681941,100000000,0,7,-1.34,0,1,9,238,731,17222,15412,116922,277027,0,6,55,201,4442,4289,31184,73831,5771465,541570,30,31,34,32,35,1,2,3,3,0,20,1
2019,10,12,12,34,53,65,29,23,2,12802240,25604480,2832655,90000000,0,6,-1.37,0,0,18,242,614,16184,12957,102252,249063,0,4,79,176,4443,3668,28517,70115,4625262,488332,33,24,36,24,31,4,2,1,2,3,11,0
2019,10,9,5,43,65,18,33,2,2,11145936,22291872,2457902,80000000,0,5,-1.41,0,0,15,222,552,14392,11795,91158,217912,0,3,65,114,3970,3160,25093,59393,3914251,427844,31,29,23,27,28,3,1,2,3,2,14,3
2019,10,5,6,51,36,54,14,4,2,12200133,24400266,2768723,70000000,0,4,-1.44,0,0,5,228,615,15308,13710,105166,250830,0,0,70,185,4333,3828,30396,72478,3443779,497152,32,23,28,31,32,3,1,2,1,1,16,2
2019,10,2,43,53,8,10,4,7,2,10469611,20939222,2363235,60000000,0,3,-1.47,0,0,14,230,782,17327,15531,106806,233065,0,1,78,242,5255,4760,32263,69720,4070801,486074,28,35,31,33,24,1,1,4,2,3,15,1
2019,9,28,51,55,34,15,23,4,2,11201517,22403034,2599179,50000000,0,2,-1.51,0,0,8,211,543,14070,12034,93552,230708,0,3,61,172,4063,3629,27445,69138,3795596,455637,22,25,23,25,44,1,1,2,1,4,15,2
2019,9,25,44,43,37,45,53,25,3,9677193,19354386,2221767,40000000,0,1,-1.54,0,0,8,176,416,11275,9372,72733,194894,0,3,51,126,3267,2589,21009,57809,3246129,373728,29,27,29,31,34,5,1,2,2,1,19,2
2019,9,21,1,68,36,22,9,22,2,12066156,24132312,2769928,80000000,1,0,-1.41,1,1,10,233,682,16650,13690,98188,225531,0,1,62,215,5124,4119,29448,67011,84683467,460966,30,34,27,28,33,2,3,2,3,5,17,1
2019,9,18,14,19,47,51,39,15,3,10448681,20897362,2399361,70000000,0,4,-1.44,0,1,10,214,580,13408,10864,84698,201787,0,1,67,153,3957,3108,24747,59372,4269037,402967,31,31,29,21,26,1,4,0,1,0,17,0
2019,9,14,31,11,27,36,67,11,2,11757507,23515014,2757584,60000000,0,3,-1.47,0,0,11,237,683,15503,14316,107849,247180,0,1,48,241,4836,4628,34843,76897,4047173,507273,26,27,31,26,29,1,1,4,1,1,15,0
2019,9,11,53,24,57,6,17,3,3,10069020,20138040,2352009,50000000,0,2,-1.51,0,0,8,212,605,13632,12138,91663,209390,0,3,67,176,4110,3779,27865,63812,3654995,427460,33,28,33,31,34,1,2,2,3,5,19,1
2019,9,7,41,56,20,11,42,6,2,11237252,22474504,2678235,40000000,0,1,-1.54,0,3,11,193,561,13880,12265,96071,225332,1,1,69,194,4199,3804,29305,68725,8667350,454614,36,34,35,26,30,0,4,3,1,1,20,1
2019,9,4,52,30,8,4,59,2,10,10720028,21440056,2472759,80000000,1,0,-1.41,1,1,6,218,557,15146,11944,88297,203646,0,2,58,160,4548,3586,25534,58716,84282116,412420,32,29,30,23,33,5,3,4,3,2,13,2
2019,8,31,41,50,14,56,57,18,5,12313173,24626346,2878043,70000000,0,4,-1.44,0,0,13,219,515,13948,11801,93953,243152,0,3,69,178,4050,3589,27889,73080,4148210,472459,35,30,30,33,32,0,0,1,4,2,14,0
2019,8,28,32,9,41,56,37,14,10,10262535,20525070,2272500,60000000,0,3,-1.47,0,0,7,271,495,13012,10679,83002,199311,0,1,68,131,3518,2920,22984,55881,3012967,392280,46,32,34,32,28,4,4,0,4,2,10,1
2019,8,24,47,20,12,21,5,1,2,11519359,23038718,2670976,50000000,0,2,-1.51,0,0,13,337,743,21072,13540,93094,207832,0,9,103,232,6764,4029,27254,60484,4933997,435506,28,34,32,35,30,0,3,4,3,3,15,1
2019,8,21,22,32,21,12,29,21,2,10060280,20120560,2312613,40000000,0,1,-1.54,0,1,6,300,596,17228,12274,87290,191692,0,2,79,227,5246,3825,27092,57693,4311753,403551,27,45,34,31,30,2,4,3,4,3,23,1
2019,8,17,24,30,18,21,60,20,3,15538859,31077718,3261848,148000000,1,0,-1.17,1,3,4,371,828,23036,16681,125508,301437,0,3,98,243,6258,4424,32651,78975,155421833,590521,27,28,26,33,24,2,2,3,3,2,14,1
2019,8,14,51,69,30,10,13,10,2,13887244,27774488,2866914,138000000,0,9,-1.21,0,0,13,271,788,18825,16760,125979,292742,0,3,73,212,4887,4676,33668,75765,4729398,574662,20,42,27,32,26,1,0,1,2,4,18,2
2019,8,10,41,59,58,44,35,3,3,15017584,30035168,3169513,128000000,0,8,-1.24,0,1,11,272,708,17465,15127,122491,335148,0,3,77,153,4549,3904,31926,91918,5889341,623753,33,32,22,28,17,0,1,1,5,1,18,1
2019,8,7,47,8,59,32,53,3,3,13215128,26430256,2752755,112000000,0,7,-1.30,0,1,12,258,666,16547,14126,115744,284499,1,5,61,160,4348,3639,30602,75343,7763450,546012,27,29,31,44,32,0,3,1,4,1,17,1
2019,8,3,45,68,3,6,66,13,2,14509873,29019746,3129483,102000000,0,6,-1.33,0,0,12,282,790,18501,17510,135502,317373,0,4,68,233,5047,4902,39269,90727,5229958,630220,30,33,36,30,32,2,2,1,3,2,20,1
2019,7,31,14,37,67,47,55,6,2,11661262,23322524,2539963,88000000,0,5,-1.38,0,1,10,218,519,14047,11693,94510,249149,1,2,68,123,3686,3116,25625,68819,6761986,471587,29,27,28,26,24,1,2,1,0,1,19,1
2019,7,27,61,19,1,48,31,6,2,12418674,24837348,2797164,75000000,0,4,-1.42,0,3,15,244,656,16402,13738,106748,251279,0,7,70,170,4873,3949,30633,70931,8009118,499718,40,30,29,25,25,2,4,1,1,1,18,1
2019,7,24,29,53,56,35,22,13,2,10565326,21130652,2390399,63000000,0,3,-1.46,0,1,8,187,559,12546,11728,93611,237243,0,1,62,150,3474,3508,28250,73168,4545172,464496,29,31,31,16,26,3,1,4,1,2,19,1
2019,7,20,5,64,36,26,69,19,3,11695165,23390330,2698261,53000000,0,2,-1.50,0,1,15,205,464,13494,11956,96538,233262,0,1,60,154,3975,3668,28868,71123,4888845,463784,29,42,25,25,41,3,0,1,3,0,16,0
2019,7,17,19,47,68,60,43,10,2,10473853,20947706,2374917,40000000,0,1,-1.54,0,0,6,194,513,12182,10410,86552,223073,0,2,52,145,3437,2969,25274,66415,3361238,431224,29,25,32,23,26,4,0,2,1,1,17,2
2019,7,13,32,35,13,23,68,21,3,17158408,34316816,3509212,198000000,1,0,-1.00,1,2,11,311,928,22317,18906,144215,346712,0,2,95,229,5806,4839,37035,89469,205064962,670878,43,15,25,43,31,4,1,4,4,2,22,1
2019,7,10,7,68,9,26,44,3,3,15254656,30509312,3078453,180000000,0,11,-1.06,0,1,17,342,960,22970,20083,144310,319273,0,5,79,258,5942,5315,37158,79086,6618328,635799,29,30,31,24,27,1,1,4,3,5,16,1
2019,7,6,4,8,46,23,65,1,2,15471783,30943566,3312066,165000000,0,10,-1.12,0,1,16,331,819,22164,17071,126024,293475,0,2,104,187,6293,4493,33114,76859,5801123,580953,22,28,21,42,22,2,3,0,3,2,14,1
2019,7,3,50,45,43,40,61,25,3,15284366,30568732,3154417,150000000,0,9,-1.17,0,0,17,295,769,18594,15169,118930,313739,1,1,77,169,4757,3847,29539,81965,6665949,587869,29,29,25,28,39,0,2,1,1,2,18,1
2019,6,29,59,13,24,62,17,8,2,15916525,31833050,3467787,137000000,0,8,-1.21,0,0,16,321,822,20455,18262,139304,331775,0,3,79,195,5827,5039,38698,91503,5392433,652299,30,24,26,35,33,1,3,1,4,5,17,2
2019,6,26,54,22,16,1,5,24,3,14228217,28456434,3026419,122000000,0,7,-1.26,0,1,16,390,886,23220,16807,120565,275539,0,7,97,271,6664,4780,33040,73864,6475777,556147,30,25,35,28,28,1,2,3,1,3,22,4
2019,6,22,66,14,3,6,11,21,2,15158487,30316974,3304004,108000000,0,6,-1.31,0,3,21,512,1186,27712,19542,132101,292366,0,6,178,392,8237,5825,37793,80577,9035188,606451,31,28,35,29,25,2,1,1,3,1,21,1
2019,6,19,26,38,21,4,18,1,3,12768620,25537240,2813748,92000000,0,5,-1.37,0,0,9,329,729,20857,13934,103457,237671,0,4,93,212,6185,3889,28236,63917,4172739,479522,23,26,32,21,25,3,2,2,2,2,13,1
2019,6,15,8,11,49,16,14,14,3,13516066,27032132,3065530,79000000,0,4,-1.41,0,0,12,434,824,23068,16197,114988,255295,0,3,99,252,6966,4942,33781,72642,4564231,529503,27,24,25,34,27,3,1,0,3,1,9,1
2019,6,12,42,57,35,38,5,13,2,11647178,23294356,2625177,66000000,0,3,-1.45,0,1,5,228,616,14621,12885,105054,259507,0,1,61,172,4099,3959,31909,80934,4728420,514052,29,31,14,25,27,1,2,0,2,3,18,1
2019,6,8,13,9,48,42,60,18,2,13561287,27122574,3042365,53000000,0,2,-1.50,0,2,21,265,644,16764,14219,112040,264811,0,3,85,190,4839,4038,31797,75332,6869650,525050,23,30,24,28,22,3,4,1,1,1,13,0
2019,6,5,38,17,28,34,23,8,3,12753192,25506384,2784438,40000000,0,1,-1.54,0,1,11,305,832,18891,16051,115312,263555,1,3,70,215,5349,4565,31850,72567,7420460,529578,24,32,39,22,41,2,5,1,2,3,16,2
2019,6,1,34,45,6,52,15,8,2,27870571,55741142,5215420,344600000,1,0,-0.50,1,0,23,603,1643,37863,31962,251343,602284,0,6,125,339,8507,7290,57050,138265,353592600,1137304,21,28,28,31,24,2,2,3,4,1,15,2
2019,5,29,61,3,42,32,34,7,2,21569236,43138472,4067647,325000000,0,18,-0.57,0,2,22,458,1165,28127,26263,211896,509914,0,7,92,305,6293,6158,51198,124711,10071749,966611,38,34,27,42,20,2,1,1,3,1,14,1
2019,5,25,43,39,2,66,1,2,3,22506098,45012196,4406287,308000000,0,17,-0.63,0,2,13,422,1124,28703,24332,190586,457669,1,5,94,293,6780,5757,45000,107881,10732814,868662,24,25,25,30,27,1,0,2,2,1,12,2
2019,5,22,7,44,57,10,20,3,2,19233422,38466844,3804077,288000000,0,16,-0.69,0,1,16,491,1193,29495,25166,180212,402127,1,6,100,311,7587,6435,44519,98430,9713533,796090,28,26,30,31,33,1,5,2,2,3,15,1
2019,5,18,2,10,66,67,25,26,4,20130437,40260874,4068341,270000000,0,15,-0.76,0,2,13,408,1080,27643,23382,174093,410078,0,4,116,246,6909,6011,43562,102101,8220535,795648,24,30,29,27,33,2,2,2,1,3,17,1
2019,5,15,33,68,61,17,7,4,2,18322632,36645264,3635695,250000000,0,14,-0.82,0,1,17,386,1055,24842,21409,164404,387864,1,4,86,237,6357,5158,40021,94118,9075312,745960,27,29,37,31,27,2,1,2,5,1,14,1
2019,5,11,40,9,8,6,37,26,2,19603952,39207904,4002658,235000000,0,13,-0.88,0,3,20,501,1295,31990,25322,175628,388066,1,7,142,367,8634,6732,45236,97241,12070670,781185,27,29,26,27,26,1,4,3,2,2,16,1
2019,5,8,66,64,45,53,1,3,3,17184552,34369104,3506821,215000000,0,12,-0.94,0,0,13,334,847,20692,17476,145742,379032,0,5,69,204,5003,4494,36902,98758,5793629,709571,28,41,27,30,26,2,0,1,1,1,14,2
2019,5,4,30,6,23,16,61,2,2,18333322,36666644,3869994,199000000,0,11,-1.00,0,1,18,443,1091,27962,21275,155081,360298,1,5,101,274,7720,5491,40348,92902,9198506,713011,26,26,40,33,36,1,2,3,3,2,11,1
2019,5,1,66,28,23,56,5,17,5,16019000,32038000,3367527,181000000,0,10,-1.06,0,1,17,315,809,21271,18063,138471,327925,0,4,65,203,5673,4848,37404,88817,6519315,643886,27,38,39,30,26,2,1,3,4,3,14,1
2019,4,27,45,29,62,41,2,6,3,17204152,34408304,3670207,166000000,0,9,-1.11,0,2,12,299,822,21074,18505,148670,355616,1,4,90,221,5600,4714,39594,93464,9512887,688688,26,28,34,32,23,1,3,4,0,2,17,1
2019,4,24,35,65,32,36,6,4,5,15122600,30245200,3201082,150000000,0,8,-1.17,0,0,16,289,770,18519,16170,129096,323165,0,1,72,195,4752,4019,33676,85719,4804798,616459,13,21,41,24,25,0,2,3,1,2,13,1
2019,4,20,3,63,27,65,30,1,3,16422502,32845004,3504766,136000000,0,7,-1.21,0,0,12,314,785,21239,17112,131939,311119,0,2,99,195,5570,4429,34758,81216,4740456,608789,33,34,30,20,25,1,0,4,2,1,12,1
2019,4,17,15,46,66,17,1,15,3,14472208,28944416,3136346,118000000,0,6,-1.28,0,0,15,285,758,18400,16105,121197,286025,0,4,63,169,5035,4505,33787,78851,4946319,565199,23,20,26,30,25,0,0,2,5,1,16,2
2019,4,13,17,26,32,4,49,10,2,15663006,31326012,3464933,101000000,0,5,-1.33,0,0,21,399,960,23031,19307,142296,322590,0,5,108,246,6814,5439,41099,92348,6056687,654663,29,22,40,20,24,5,3,3,2,0,16,1
2019,4,10,39,12,21,23,67,6,4,13260953,26521906,2976932,84000000,0,4,-1.39,0,0,9,280,750,18245,15540,115485,266077,0,4,71,223,5293,4369,32490,74476,4490437,533312,24,30,31,38,26,0,4,2,3,1,16,0
2019,4,6,33,43,60,59,15,8,3,14525590,29051180,3321871,68000000,0,3,-1.45,0,1,11,241,679,16785,14602,117655,307478,0,3,85,216,4846,4181,34770,91219,5803976,592772,26,23,21,29,22,2,1,1,1,0,14,2
2019,4,3,25,16,32,49,19,18,2,13218913,26437826,3006024,54000000,0,2,-1.50,0,2,17,288,707,19007,14680,109107,255042,0,2,95,236,5659,4202,31893,73670,6515042,514607,32,32,39,23,28,3,3,3,0,4,12,1
2019,3,30,54,52,21,64,68,4,3,14970003,29940006,3383737,40000000,0,1,-1.54,0,0,9,270,709,16909,14752,119682,319411,0,3,69,167,4759,4152,34299,92008,4749514,607199,29,30,30,40,28,1,3,2,0,1,12,2
2019,3,27,44,62,20,37,16,12,3,134060942,268121884,19510057,768400000,1,0,0.95,1,7,130,2972,7857,191420,162104,1250190,3033820,2,20,514,1374,32197,27517,214726,524004,820278762,5448855,25,33,32,25,31,5,4,3,2,3,15,0
2019,3,23,66,52,60,24,25,5,3,90298137,180596274,13655216,625000000,0,25,0.46,0,8,88,1933,5080,124689,107173,844647,2074078,2,13,329,890,22057,18766,150588,372593,39850389,3722934,25,29,20,25,31,2,3,1,1,3,12,2
2019,3,20,10,53,50,63,14,21,2,71029841,142059682,10659299,550000000,0,24,0.20,0,4,39,1524,4226,98736,82713,641937,1550715,2,4,281,759,16881,14498,113732,273313,26781250,2799364,29,29,28,33,26,2,1,0,0,1,20,1
2019,3,16,67,30,34,39,53,11,2,46498176,92996352,7622979,495000000,0,23,0.01,0,2,44,968,2669,62882,53982,426386,1068519,1,10,188,598,12002,10406,84131,217111,19182640,1939899,25,24,19,23,28,1,1,1,0,1,14,0
2019,3,13,69,36,45,47,18,14,3,37293378,74586756,6187631,448000000,0,22,-0.15,0,2,30,832,1981,52492,42154,328825,801477,1,8,152,418,10344,8058,63644,158171,15384252,1468589,40,23,25,24,24,0,1,1,0,2,8,1
2019,3,9,45,5,59,55,6,14,3,34396266,68792532,6031686,414000000,0,21,-0.26,0,2,25,724,1815,46523,39448,304278,728028,0,5,163,411,9752,8213,64941,154707,12170162,1359035,24,25,28,23,24,1,3,1,1,2,7,1
2019,3,6,21,35,10,6,46,23,2,26004175,52008350,4703458,381000000,0,20,-0.38,0,2,26,759,1529,39729,30629,227854,529483,1,6,171,351,8856,6912,49992,115102,12419510,1011402,29,12,28,23,19,2,0,2,2,0,10,0
2019,3,2,27,68,25,19,1,21,2,26259031,52518062,4935034,348000000,0,19,-0.49,0,2,21,551,1540,40137,29835,228802,538249,0,1,149,348,9617,7231,53897,124635,9612400,1035015,29,27,30,27,24,4,1,3,4,1,19,0
2019,2,27,49,31,59,42,21,23,5,22296012,44592024,4069603,322000000,0,18,-0.58,0,1,16,453,1146,29399,24002,188331,464265,0,3,93,266,6252,5141,41344,102586,7468204,863298,22,24,27,26,28,0,1,1,1,2,9,0
2019,2,23,32,4,20,6,14,13,2,22883302,45766604,4304748,304000000,0,17,-0.64,0,0,36,705,1652,39055,31415,220443,502377,0,7,142,472,9442,7982,54740,120907,9128138,989375,38,19,31,22,25,3,2,2,2,1,17,1
2019,2,20,50,52,49,51,27,2,2,18319677,36639354,3464733,282000000,0,16,-0.72,0,1,25,385,934,23346,19280,152361,386128,0,6,89,211,5438,4265,34480,88994,7509689,715943,27,28,21,19,28,0,3,0,1,4,10,1
2019,2,16,48,30,41,64,29,1,4,19922601,39845202,3860406,260000000,0,15,-0.79,0,1,20,386,983,24455,20258,161417,397736,1,3,89,212,5642,4699,37186,91854,8992444,744942,23,23,31,39,27,1,1,0,0,3,11,1
2019,2,13,2,24,8,69,14,26,2,17520517,35041034,3341850,242000000,0,14,-0.85,0,3,16,476,1277,30080,23264,159774,356951,0,1,124,319,7503,5686,38659,83063,8436141,707196,22,24,25,39,24,2,1,3,0,1,15,1
2019,2,9,7,39,2,3,1,25,3,18710129,37420258,3685449,224000000,0,13,-0.91,0,3,40,1289,1681,45875,25546,166286,365235,1,12,372,467,13542,6682,40671,87074,13932375,754776,26,22,21,32,23,1,0,2,1,1,17,1
2019,2,6,13,28,5,63,38,21,5,16846736,33693472,3222982,204000000,0,12,-0.98,0,1,9,377,903,24064,19223,145514,340409,1,2,85,205,5850,4657,34770,80210,7812108,656280,22,37,24,32,23,3,1,3,0,2,18,0
2019,2,2,10,43,17,18,65,13,5,17408508,34817016,3554156,191000000,0,11,-1.03,0,2,14,373,952,23286,21313,165505,382788,1,2,82,254,5845,5932,44729,102706,9755202,753784,27,22,28,23,19,2,1,5,2,2,16,1
2019,1,30,16,2,12,29,54,6,2,14564503,29129006,2900720,174000000,0,10,-1.08,0,1,13,415,1013,24463,18906,134384,297656,0,4,113,244,6541,4956,34156,72126,6048464,594991,30,20,29,26,28,2,2,4,3,1,15,1
2019,1,26,12,8,21,32,20,10,4,15977505,31955010,3288600,161000000,0,9,-1.13,0,0,17,584,1277,29984,22142,150809,329459,0,7,163,375,8428,6119,40652,86327,6362689,676343,28,24,27,37,30,4,3,2,3,2,15,2
2019,1,23,50,25,48,23,47,24,3,13782147,27564294,3210300,144000000,0,8,-1.19,0,1,11,321,652,17554,14574,113635,279837,0,4,74,152,4419,3525,28593,71575,5482724,534927,26,29,22,37,23,0,3,1,3,0,21,4
2019,1,19,5,65,8,66,41,20,3,15585694,31171388,3221219,129000000,0,7,-1.24,0,1,8,312,720,19273,16522,128429,304107,0,3,86,201,4854,4146,32811,78672,5546805,590145,23,18,23,24,30,3,2,3,2,0,13,0
2019,1,16,14,61,29,31,56,1,2,13558629,27117258,2808251,112000000,0,6,-1.30,0,1,13,309,629,17287,14096,108167,263857,0,2,72,161,4364,3490,27455,66857,5118155,506760,23,35,25,23,29,1,2,3,1,4,10,1
2019,1,12,57,58,7,36,48,24,2,13954260,27908520,3012201,96000000,0,5,-1.35,0,2,13,269,632,17127,14172,113108,274563,1,2,71,178,4577,3786,30856,75841,8340564,535198,29,21,25,22,21,2,1,1,1,1,20,4
2019,1,9,19,59,37,6,49,22,3,12073819,24147638,2580772,82000000,0,4,-1.40,0,2,15,244,598,15767,12743,98029,232712,0,1,59,149,4365,3445,26246,62308,5795792,456683,26,26,24,21,20,4,1,1,2,0,16,0
2019,1,5,15,27,69,7,3,19,2,12984367,25968734,2872279,69000000,0,3,-1.44,0,1,21,437,951,25194,16740,113680,253133,1,7,148,298,7731,5093,33295,73092,8679338,529822,21,27,38,24,31,0,4,0,1,1,15,0
2019,1,2,56,46,42,12,8,12,2,12975279,25950558,2687385,53000000,0,2,-1.50,0,1,11,279,758,17369,16019,119783,271167,0,7,73,215,4597,4334,32241,71440,6019339,538294,28,18,25,27,22,4,0,1,4,3,14,1
2018,12,29,51,53,42,62,12,25,2,14335984,28671968,3069411,40000000,0,1,-1.54,0,3,9,280,665,17148,14535,117163,287953,0,2,55,176,4721,3776,31548,77872,7247522,555906,18,27,24,32,26,1,1,1,3,4,16,1
2018,12,26,52,38,25,67,5,24,2,21750801,43501602,3908164,298300000,1,0,-0.66,1,3,19,462,1168,29640,24204,185664,450354,0,8,87,228,6312,5085,39861,98916,308533141,842012,27,22,28,24,22,3,2,3,1,3,19,4
2018,12,22,40,59,28,21,30,26,3,19497181,38994362,3801620,281000000,0,16,-0.72,0,1,19,387,998,26284,21647,167775,405294,0,4,100,214,6401,4994,39994,96603,7288952,770715,26,25,36,26,22,1,1,1,2,1,14,1
2018,12,19,43,31,29,37,15,16,2,16740289,33480578,3286082,262000000,0,15,-0.78,0,2,18,369,904,23267,18322,137263,331002,0,9,90,216,5556,4201,31984,77678,8154124,630881,21,22,24,23,20,1,1,3,1,0,11,1
2018,12,15,8,38,55,52,43,17,3,17741800,35483600,3590342,246000000,0,14,-0.84,0,0,14,374,924,22489,19425,152411,372140,0,2,79,229,5490,4948,38952,95490,5446304,712967,21,21,22,26,20,3,1,1,2,1,13,1
2018,12,12,9,64,29,21,4,26,2,15689942,31379884,3148165,230000000,0,13,-0.89,0,1,13,390,1039,25716,19526,138631,313117,0,4,100,278,6848,4947,33993,76648,6205373,621251,28,38,23,25,18,4,0,3,2,2,13,1
2018,12,8,61,14,34,32,46,10,2,16724466,33448932,3480604,217000000,0,12,-0.94,0,1,8,332,889,20709,18232,142709,363039,0,3,74,230,5276,4835,37407,97843,6194210,691587,34,22,18,36,17,2,1,1,3,0,14,2
2018,12,5,36,38,9,11,37,11,5,15271527,30543054,3096346,200000000,0,11,-1.00,0,0,12,333,932,21679,19968,147816,327322,0,6,100,272,5512,5696,39520,84549,5654377,653717,21,20,27,23,22,1,1,4,1,1,13,0
2018,12,1,10,58,47,11,55,26,2,15804645,31609290,3360984,183000000,0,10,-1.05,0,0,15,338,786,20470,17582,136807,315979,1,2,83,203,5529,4734,36633,83686,6985059,622848,26,20,22,22,21,2,1,0,1,1,12,1
2018,11,28,4,68,59,69,19,21,2,13938907,27877814,2899590,171000000,0,9,-1.09,0,1,11,250,628,17496,14608,115116,278141,0,1,60,208,4590,3729,30479,72478,5076139,537796,17,26,24,37,25,2,1,1,0,4,17,0
2018,11,24,56,33,58,51,11,18,2,14125288,28250576,3053742,155000000,0,8,-1.15,0,0,16,252,712,17527,14802,116301,282179,0,6,74,174,4697,3889,31069,77054,5168805,548752,27,25,19,17,21,4,2,1,1,1,11,0
2018,11,21,14,23,38,7,55,18,2,15068037,30136074,3111758,139000000,0,7,-1.20,0,3,19,362,880,22747,17708,129585,299421,0,4,103,207,5993,4452,33037,76255,8297258,590776,21,36,19,23,20,1,3,1,1,1,10,0
2018,11,17,8,6,68,20,52,5,2,15192629,30385258,3265669,124000000,0,6,-1.26,0,0,12,332,873,20941,18599,141261,329664,0,5,77,227,5671,5087,39758,92337,5533238,654844,20,20,25,29,25,3,2,1,2,2,11,1
2018,11,14,49,62,42,7,69,23,5,13435520,26871040,2822472,107000000,0,5,-1.31,0,0,10,277,645,16594,13947,109193,265283,0,3,69,150,4419,3609,28442,69559,4164191,512200,19,31,23,22,36,0,3,1,1,0,8,0
2018,11,10,53,29,5,57,34,24,2,14455312,28910624,3142387,92000000,0,4,-1.37,0,0,11,291,729,18362,14669,116276,280655,0,1,65,185,4911,4009,31936,77660,4198413,549760,26,22,21,28,17,1,3,2,2,1,18,4
2018,11,7,50,28,34,42,26,25,2,12852030,25704060,2779857,71000000,0,3,-1.44,0,0,15,248,585,16248,12905,101929,254996,1,2,70,158,4390,3463,27249,70489,6171240,492748,25,35,16,22,21,0,1,1,1,3,15,1
2018,11,3,24,65,21,32,15,11,3,14722663,29445326,3274431,53000000,0,2,-1.50,0,0,11,286,828,18853,17084,132976,319173,0,4,64,249,5163,5073,39706,93890,5233563,633360,23,17,24,35,19,1,2,2,3,0,12,0
2018,10,31,40,39,47,7,25,20,3,13594526,27779792,2973968,40000000,0,1,-1.54,0,0,8,292,738,19167,14588,112035,263294,0,3,92,197,5255,3971,30433,70782,4185627,520855,25,21,21,21,27,1,0,0,1,2,12,0
2018,10,27,13,12,8,27,19,4,3,86413920,172827840,12960191,687800000,1,0,0.67,2,13,155,3265,7103,167361,122144,839256,1892179,2,35,726,1448,33065,22941,150456,331022,1427195137,3571173,21,25,19,26,24,3,4,3,4,4,11,2
2018,10,24,56,53,45,21,3,22,2,119849014,239698028,16498213,620000000,0,21,0.44,0,7,89,2658,6590,173174,142090,1081555,2601815,0,13,440,1004,27470,22266,170712,408942,39698632,4638825,26,25,23,23,30,4,1,1,2,1,15,0
2018,10,20,62,16,54,57,69,23,2,90674762,181349524,13130011,430000000,0,20,-0.21,0,7,87,1936,4945,125260,102092,800840,1984032,2,17,330,823,20805,17130,134505,335967,38107251,3528778,30,29,27,27,35,3,2,1,2,0,7,0
2018,10,17,3,64,69,68,57,15,3,55671102,111342204,8361372,345000000,0,19,-0.50,0,3,49,1192,2784,75353,62066,493883,1231138,1,6,218,525,12757,10591,85210,216080,20938305,2191856,29,37,34,24,26,1,0,0,1,2,15,0
2018,10,13,14,65,11,43,32,15,3,33730534,67461068,5684268,314000000,0,18,-0.61,0,2,35,700,1799,46389,38558,297884,715415,0,7,143,326,9174,7685,58629,142226,12602724,1318972,20,16,20,19,34,1,2,1,1,3,14,0
2018,10,10,27,60,42,23,8,7,3,24025255,48050510,4174657,282000000,0,17,-0.72,0,3,18,500,1523,34694,32474,245644,562937,0,3,106,346,7311,7100,54805,123343,10832807,1070807,25,19,21,35,18,3,1,1,3,2,13,1
2018,10,6,22,53,27,67,1,15,3,22606504,45213008,4216248,253000000,0,16,-0.81,0,2,26,433,1222,30585,25010,195050,467502,1,2,84,249,6811,5590,44687,105409,10966346,882663,24,24,24,23,22,2,1,3,0,1,13,0
2018,10,3,63,66,53,59,41,3,3,18659213,37318426,3523069,229000000,0,15,-0.90,0,1,16,345,854,22677,19131,152978,431624,0,2,79,193,5028,4211,34465,102648,6771939,774252,31,23,23,23,29,0,2,1,1,0,13,1
2018,9,29,9,17,34,59,64,22,2,18507915,37015830,3668523,213000000,0,14,-0.95,0,1,13,370,933,24167,19935,154690,366366,1,6,75,209,5757,4928,37454,88835,8898291,703740,26,27,15,22,36,4,5,1,1,0,14,0
2018,9,26,7,1,30,50,2,8,5,15168861,30337722,3007942,193000000,0,13,-1.02,0,1,18,450,1303,28394,20818,142100,315599,0,4,115,358,7656,5280,34949,76133,6597120,633178,20,21,21,24,19,1,1,1,0,2,13,1
2018,9,22,61,24,69,64,63,18,5,15799020,31598040,3233931,178000000,0,12,-1.07,0,0,10,310,714,19132,15663,124629,330961,0,5,85,164,4746,3761,31157,85180,5067716,616517,33,22,33,35,30,2,1,0,0,0,9,0
2018,9,19,50,4,51,48,39,11,3,13697849,27395698,2781752,163000000,0,11,-1.12,0,0,11,260,708,17214,15157,122370,304422,0,1,67,177,4311,3860,31817,80220,4319800,580595,23,16,16,20,20,0,2,1,1,0,11,0
2018,9,15,19,18,24,34,2,3,3,14866944,29733888,3059648,147000000,0,10,-1.18,0,1,17,392,985,24695,19667,139303,309021,0,8,108,320,6817,5315,36412,79492,7065550,622553,23,22,21,14,18,3,2,1,1,2,12,1
2018,9,12,28,48,63,6,64,24,2,13148776,26297552,2707503,132000000,0,9,-1.23,0,1,6,216,605,15289,13437,107648,262044,1,4,51,145,3900,3419,27903,68006,7025357,502675,34,19,29,19,34,1,1,0,2,0,17,3
2018,9,8,20,32,3,33,13,21,3,14157716,28315432,3014676,114000000,0,8,-1.29,0,0,11,404,965,24261,17208,120485,273737,0,4,130,232,6956,4821,33159,73591,4790988,555964,28,33,28,24,20,2,3,1,2,2,16,0
2018,9,5,59,60,6,50,15,13,2,12068207,24136414,2567574,100000000,0,7,-1.34,0,0,10,197,599,14401,13230,108213,276083,0,2,45,127,3713,3560,30369,78466,4120554,529015,21,18,18,22,18,1,1,2,0,0,15,1
2018,9,1,54,66,55,61,11,9,3,13021102,26042204,2878473,90000000,0,6,-1.37,0,1,9,214,613,14564,12985,111359,287115,0,3,45,176,4006,3714,32160,83682,5387963,550646,26,22,19,32,19,1,2,1,2,1,19,2
2018,8,29,53,25,41,67,57,12,2,10868635,21737270,2368323,80000000,0,5,-1.41,0,0,9,194,513,12714,10863,88382,235095,0,4,57,138,3411,2908,24836,67039,3873346,446163,22,26,28,22,25,1,2,0,0,2,13,0
2018,8,25,25,20,57,63,54,8,2,12302519,24605038,2729994,70000000,0,4,-1.44,0,1,13,207,580,14279,13119,105023,266053,0,1,88,172,4078,3807,30126,76869,5082315,514416,25,27,24,28,25,2,2,2,0,1,12,1
2018,8,22,45,1,47,69,7,13,2,10733287,21466574,2366192,60000000,0,3,-1.47,0,0,9,229,682,14407,14070,103576,232987,0,5,70,196,4156,4338,30671,67984,4278725,473380,22,20,20,32,19,1,1,0,0,1,14,1
2018,8,18,34,67,52,61,24,16,3,12116315,24232630,2683160,50000000,0,2,-1.51,0,1,11,241,547,14029,11536,90872,233675,1,3,57,146,4015,3052,24966,64265,6836022,447417,13,21,24,31,20,1,0,2,2,1,10,1
2018,8,15,28,15,12,47,48,16,2,10758491,21516982,2356079,40000000,0,1,-1.54,0,3,12,211,587,15626,11296,85697,199600,0,4,60,147,4364,3174,23439,54027,6759432,398247,33,17,24,19,18,1,0,3,0,1,9,1
2018,8,11,56,43,5,68,62,24,2,22101267,44202534,4054189,245600000,1,0,-0.84,1,1,13,459,1088,27496,22603,182336,457275,1,1,85,208,5927,4960,40351,101702,254485000,844507,25,18,20,23,29,4,1,2,1,3,16,3
2018,8,8,21,63,30,43,10,17,2,20013324,40026648,3620810,223000000,0,14,-0.92,0,0,16,393,1076,28215,23229,178825,426109,0,1,79,248,6018,5201,40071,95625,5838795,805106,22,27,20,17,25,2,0,1,0,2,12,1
2018,8,4,38,58,3,11,44,2,4,20080098,40160196,3768385,203000000,0,13,-0.99,0,2,19,421,1104,28466,23182,176166,409957,0,2,117,216,6573,5311,40418,93088,8060064,785042,18,18,27,18,24,1,1,1,1,4,9,1
2018,8,1,5,38,22,58,32,26,2,16414849,32829698,3129202,187000000,0,12,-1.04,0,2,7,337,855,22329,18610,143953,343217,0,5,66,193,5107,4274,33654,79500,7087002,652109,19,17,23,17,32,1,1,2,1,3,11,1
2018,7,28,27,65,56,46,22,13,2,16688873,33377746,3328817,168000000,0,11,-1.11,0,1,19,337,881,20564,18905,151478,380039,0,1,86,207,4957,4943,39241,100267,6594047,721926,23,15,24,16,22,3,2,3,0,2,13,1
2018,7,25,64,44,18,2,41,26,2,17845999,35691998,3352231,147000000,0,10,-1.18,0,1,8,338,892,23652,19919,157110,375174,0,2,72,177,5049,4403,36213,85924,5995969,708934,33,23,21,17,27,0,4,2,2,0,10,1
2018,7,21,9,56,58,23,68,1,2,17334931,34669862,3449971,130000000,0,9,-1.24,0,1,11,339,850,21421,17796,140836,343434,0,6,81,186,5282,4304,34149,84007,6479777,652703,25,23,16,34,22,4,3,1,3,0,9,1
2018,7,18,28,36,10,1,27,12,2,13958323,27916646,2837254,110000000,0,8,-1.30,0,1,22,387,1048,24284,19095,130424,290154,0,5,120,282,6559,5062,34412,75936,6668282,587791,32,20,24,19,22,1,1,2,1,3,12,0
2018,7,14,49,22,41,67,42,11,3,15011773,30023546,3130854,100000000,0,7,-1.34,0,1,8,263,760,18371,15805,129719,337466,0,2,72,212,4593,4288,34874,92342,5708565,638776,18,21,26,20,20,0,2,0,0,1,10,0
2018,7,11,21,19,47,27,46,7,4,11811996,23623992,2511499,90000000,0,6,-1.37,0,2,20,265,852,16871,17866,122922,272470,1,4,65,251,4610,5193,35218,75785,9169126,552395,21,22,18,21,15,2,3,0,3,0,12,1
2018,7,7,45,43,1,10,64,22,3,12583827,25167654,2764361,80000000,0,5,-1.41,0,0,7,218,611,15565,13196,100361,240246,1,3,77,172,4236,3658,27747,66579,5819041,472677,21,16,18,23,32,1,0,1,2,0,13,0
2018,7,4,7,41,15,4,44,10,2,10824029,21648058,2337861,70000000,0,4,-1.44,0,0,14,286,734,18173,14440,99951,220089,0,3,90,200,4996,4287,28025,61504,4116742,452792,18,25,16,15,22,1,0,0,2,4,13,2
2018,6,30,9,3,20,42,61,24,2,12296437,24592874,2751152,60000000,0,3,-1.47,0,1,8,272,677,17833,14139,102307,232128,0,1,65,190,5219,4087,29916,66707,4637846,473550,24,26,26,19,30,4,1,2,1,2,15,3
2018,6,27,63,28,62,7,37,15,2,10544766,21089532,2318905,50000000,0,2,-1.51,0,0,7,174,505,12779,10953,87285,207749,0,0,52,146,3385,3158,24307,57840,2946727,408340,26,31,28,17,21,0,1,2,1,1,12,0
2018,6,23,29,56,45,16,43,25,2,12112153,24224306,2675090,40000000,0,1,-1.54,0,3,13,223,563,14947,12273,96517,239545,1,2,58,145,4093,3304,26956,67494,8913025,466137,21,22,20,28,15,3,3,1,2,0,14,1
2018,6,20,14,56,27,4,23,13,2,14412018,28824036,2895375,151000000,1,0,-1.16,1,0,11,387,1036,23201,19890,140654,315952,1,5,100,289,6068,5355,37796,83515,158382676,634261,19,21,20,14,33,1,3,3,2,3,12,1
2018,6,16,65,9,58,57,45,9,2,15819612,31639224,3254532,137000000,0,8,-1.21,0,3,18,267,772,18388,16817,138416,351048,1,3,74,184,4501,4322,36890,92835,10477574,664539,14,23,15,23,19,2,4,1,2,1,18,2
2018,6,13,13,38,45,20,55,1,2,13815832,27631664,2827372,121000000,0,7,-1.27,0,1,12,283,703,17979,14126,110854,268388,0,3,76,155,4584,3535,27717,66896,5265458,515312,19,16,18,25,18,2,1,1,2,1,8,1
2018,6,9,36,10,25,6,15,14,3,14763576,29527152,3110713,105000000,0,6,-1.32,0,2,18,524,949,27605,17718,125762,289039,1,6,155,266,7803,4752,33204,75322,9616032,583126,19,22,24,17,15,1,2,2,2,0,6,1
2018,6,6,53,28,41,23,56,14,3,12261040,24522080,2653442,87000000,0,5,-1.38,0,0,5,238,623,15531,13015,100711,242049,0,3,67,153,4189,3596,27275,66163,3707703,473618,21,30,24,32,20,1,1,0,2,2,5,1
2018,6,2,23,37,64,44,25,7,4,13685653,27371306,3038277,74000000,0,4,-1.43,0,0,8,253,721,16625,15932,130385,317280,1,2,63,203,4676,4608,38115,92580,6659063,621452,31,20,31,21,23,2,1,0,4,2,11,1
2018,5,30,46,23,26,17,68,20,2,11065907,22131814,2449870,60000000,0,3,-1.47,0,0,5,218,520,14581,11509,89604,208904,0,1,53,156,4209,3252,25056,58119,3067943,416187,14,30,20,26,21,0,2,3,5,0,11,0
2018,5,26,45,31,21,1,49,21,2,12872527,25745054,2872889,50000000,0,2,-1.51,0,0,14,224,680,17332,14016,106693,250209,0,1,67,226,4895,4251,31117,72364,4109182,502089,17,21,20,17,17,1,1,2,1,0,15,0
2018,5,23,20,54,61,56,64,7,4,11455221,22910442,2512406,40000000,0,1,-1.54,0,0,6,187,538,12579,11242,98383,282349,0,6,45,161,3483,3262,27910,82379,4489088,522530,24,24,29,19,30,2,1,2,2,0,10,1
2018,5,19,56,9,17,3,6,25,3,26773912,53547824,4714367,306000000,1,0,-0.63,1,5,35,1063,2011,54499,35370,238634,541520,0,14,275,530,13586,7885,51249,113873,321580954,1060550,18,22,25,25,16,2,4,5,1,2,13,1
2018,5,16,17,22,21,19,51,19,2,21826663,43653326,3859160,280000000,0,15,-0.72,0,0,26,567,1353,34543,27238,198104,452836,0,10,122,290,8202,6016,43469,95720,8120673,868496,24,20,19,21,15,4,2,2,3,1,14,0
2018,5,12,42,56,22,55,45,14,3,22973769,45947538,4164623,257000000,0,14,-0.80,0,0,18,495,1226,30008,25352,197667,491307,0,6,96,264,6345,5530,43632,113317,7356279,915263,18,17,19,17,16,1,1,2,1,1,4,1
2018,5,9,50,69,16,38,11,19,2,20239756,40479512,3667166,233000000,0,13,-0.88,0,1,19,425,1117,27170,22838,178304,422491,0,1,81,220,5890,5021,39558,93791,6927055,796927,21,31,27,15,17,0,0,2,1,1,13,0
2018,5,5,29,36,14,61,57,17,4,20301081,40602162,3846314,215000000,0,12,-0.94,0,1,16,440,1045,25644,22093,174758,437129,1,1,85,224,5598,5173,41380,105827,8965582,819415,20,18,18,28,22,3,1,0,2,2,11,1
2018,5,2,40,5,31,50,14,6,2,17219510,34439020,3277430,195000000,0,11,-1.01,0,3,15,366,986,25031,20455,156039,367291,0,8,80,220,5700,4697,36318,84998,9261051,702207,24,18,20,20,17,1,1,1,0,0,14,1
2018,4,28,28,50,22,45,20,8,5,18105229,36210458,3514071,177000000,0,10,-1.07,0,1,13,369,1062,25054,21349,164070,387194,0,0,89,246,5917,5117,39004,91887,6225883,741372,29,19,18,15,23,1,0,2,1,2,11,1
2018,4,25,18,17,39,64,56,12,3,15955976,31911952,3078550,158000000,0,9,-1.14,0,2,15,304,779,20293,17874,142037,345710,0,5,69,193,4565,4270,34259,84403,7514536,654778,20,23,19,29,16,2,4,0,0,1,11,0
2018,4,21,50,69,54,62,40,19,2,17293456,34586912,3438946,142000000,0,8,-1.19,0,0,13,295,873,20892,17476,138865,365518,0,3,73,209,4933,4424,34241,92263,5302053,680078,18,30,23,27,23,0,0,1,2,1,12,0
2018,4,18,12,17,10,9,23,9,2,14924250,29848500,2914882,122000000,0,7,-1.26,0,3,31,868,1516,36901,24009,150768,309019,2,11,277,453,10532,6507,38674,74321,14636677,653892,23,22,21,21,29,3,4,2,3,2,17,2
2018,4,14,61,17,19,26,62,15,2,16213324,32426648,3329395,106000000,0,6,-1.32,0,1,15,295,791,21091,17679,135771,327312,0,4,66,222,5402,4561,34844,84283,6307469,632337,27,21,20,19,26,2,4,3,3,2,11,0
2018,4,11,67,18,16,55,27,18,3,13054145,26108290,2740192,89000000,0,5,-1.38,0,1,12,214,641,16762,14001,109521,260083,0,2,72,157,4380,3875,29285,67572,5083596,506578,19,19,26,16,19,0,2,2,1,2,8,0
2018,4,7,38,2,20,17,39,20,2,14307717,28615434,3073768,74000000,0,4,-1.43,0,0,16,323,822,21357,15745,118073,271318,0,3,110,221,5953,4518,32263,73165,4766105,543887,14,16,22,20,18,1,2,2,4,0,10,0
2018,4,4,42,64,54,8,24,24,4,11918237,23836474,2582584,60000000,0,3,-1.47,0,2,10,238,634,15065,12657,97526,229936,0,1,53,191,4007,3706,26951,62647,5551451,453624,17,28,22,17,19,1,0,1,2,1,14,2
2018,3,31,24,55,52,61,8,21,3,15937978,31875956,3267697,50000000,0,2,-1.51,0,2,16,300,771,19991,17047,130983,319964,1,5,72,195,5136,4249,33997,82227,9392027,614956,18,15,23,26,16,1,1,2,2,2,14,0
2018,3,28,53,8,52,6,26,21,2,12447019,24894038,2658286,40000000,0,1,-1.54,0,1,11,266,696,17789,14014,103942,241399,0,1,82,192,5070,3810,28455,65056,4790997,480784,20,15,22,15,18,1,2,2,1,3,13,0
2018,3,24,33,56,53,10,45,24,3,14103266,28206532,3042449,54000000,1,0,-1.50,1,2,8,284,686,17783,14258,113466,277492,0,2,88,200,4925,3905,31433,75936,60145377,540469,23,15,19,20,14,2,1,1,2,1,13,2
2018,3,21,29,4,61,3,18,25,2,12340856,24681712,2643891,40000000,0,1,-1.54,0,1,10,307,834,19936,15100,105640,234433,0,4,83,192,5625,4067,28585,62938,5203952,477755,19,13,25,24,18,3,1,2,0,2,12,0
2018,3,17,60,66,22,59,57,7,2,44791214,89582428,7167254,455000000,1,0,-0.12,1,2,39,936,2444,58580,50655,411201,1105741,1,4,169,484,10558,9307,79084,220842,472932590,1950048,17,21,17,20,21,1,2,2,1,2,9,1
2018,3,14,12,24,6,41,68,9,3,36246189,72492378,5791371,420000000,0,19,-0.24,0,1,39,821,2356,55224,46660,346967,820122,1,8,159,468,10789,9329,67800,159667,15189426,1520411,22,17,14,23,20,3,1,1,0,0,16,2
2018,3,10,69,43,54,44,61,22,3,31595593,63191186,5400940,385000000,0,18,-0.36,0,3,25,635,1535,39931,33611,262734,665136,1,4,129,289,7833,6646,52076,136795,13989185,1207383,29,14,21,20,24,0,0,1,4,2,12,0
2018,3,7,36,6,19,13,51,18,2,27357412,54714824,4684704,348000000,0,17,-0.49,0,3,28,644,1586,41875,33146,245871,574605,0,7,137,314,8843,6811,50754,116863,11955489,1081487,17,13,19,18,14,1,1,3,2,1,7,0
2018,3,3,40,17,36,25,13,5,2,27711369,55422738,4990306,321000000,0,16,-0.58,0,5,37,700,1808,42860,36161,264822,606587,1,7,163,422,9404,8147,58781,134243,17049942,1164148,22,19,16,22,17,1,4,1,2,2,10,1
2018,2,28,69,12,65,59,30,16,5,22856063,45712126,4062034,293000000,0,15,-0.68,0,0,12,418,1090,27851,23420,184985,457446,0,4,101,227,6005,4930,39259,97396,6247316,843144,28,21,13,19,19,0,3,2,0,1,8,1
2018,2,24,38,25,62,63,24,6,2,22866868,45733736,4236231,269000000,0,14,-0.76,0,1,19,443,1114,28361,25076,200231,496095,0,1,85,254,6201,5472,44432,111203,7629516,918988,13,21,25,25,16,1,2,2,0,1,13,1
2018,2,21,7,36,31,15,34,8,3,19609833,39219666,3553199,246000000,0,13,-0.84,0,0,16,429,1297,29609,24578,182309,423926,1,9,87,301,6402,5346,40067,92555,9081421,806932,16,15,19,14,12,1,1,1,0,1,10,1
2018,2,17,26,62,39,13,44,2,3,21262539,42525078,3943518,223000000,0,12,-0.92,0,2,20,541,1129,29277,22737,180580,442560,0,4,97,266,6671,5066,39716,99226,8646339,827892,17,24,17,16,19,3,2,0,2,4,8,1
2018,2,14,44,46,37,39,69,26,2,18515054,37030108,3460453,203000000,0,11,-0.99,0,2,14,562,972,23193,19580,154104,403336,0,3,122,193,5081,4491,34215,92847,7652827,738715,18,13,19,16,27,4,0,1,0,0,9,1
2018,2,10,27,13,41,59,1,20,5,18340583,36681166,3588581,184000000,0,10,-1.05,0,2,21,382,931,25314,19780,152592,361514,1,2,97,236,6129,4755,36368,86010,9650382,694134,18,15,22,18,16,2,2,0,0,1,9,0
2018,2,7,40,35,34,47,23,10,2,15652638,31305276,3082689,165000000,0,9,-1.12,0,0,16,287,837,20516,17893,139733,342454,0,2,72,184,4806,4527,34333,85479,5120548,651139,21,11,11,17,28,1,0,1,0,2,12,2
2018,2,3,15,48,23,27,53,6,2,17937561,35875122,3673128,145000000,0,8,-1.18,0,0,12,358,1037,24804,20904,157395,373127,0,3,107,243,6365,5336,39570,94268,5588321,723529,13,17,27,17,18,0,1,2,2,0,12,1
2018,1,31,7,4,14,59,46,22,10,15097182,30194364,2988579,127000000,0,7,-1.25,0,3,11,323,876,23144,17486,126822,291834,0,2,64,187,5834,4197,30552,69418,7414525,570753,15,12,16,17,12,1,1,0,0,0,11,0
2018,1,27,54,26,17,21,47,7,2,16550828,33101656,3351034,112000000,0,6,-1.30,0,1,11,381,1081,23482,23260,166928,378818,1,5,77,287,5967,6170,44246,98371,9031859,749086,20,16,18,18,16,1,3,4,2,0,8,1
2018,1,24,11,9,5,33,64,21,3,13570900,27141800,2780001,92000000,0,5,-1.37,0,1,12,357,886,24530,17320,117391,258858,0,4,81,267,6829,4633,30291,65216,5613432,526676,16,20,17,22,27,1,3,1,1,0,12,0
2018,1,20,28,26,58,47,49,3,4,15024559,30049118,3123436,78000000,0,4,-1.41,0,0,14,317,750,18259,16108,130013,325862,0,3,74,193,4642,4150,33621,85955,5020413,619961,28,15,14,15,16,1,3,1,0,0,11,1
2018,1,17,33,51,3,37,57,21,2,12387150,24774300,2560890,62000000,0,3,-1.47,0,1,11,257,615,16211,13178,101876,243309,1,1,52,155,4218,3444,26463,63234,6673029,473026,21,13,23,18,20,1,1,0,1,1,11,0
2018,1,13,69,25,35,14,58,24,2,14293921,28587842,3029208,50000000,0,2,-1.51,0,2,10,241,646,17128,14010,112880,280556,0,5,68,162,4568,3704,29794,75168,6632666,538942,26,20,10,15,13,0,2,0,0,1,12,1
2018,1,10,7,24,50,49,33,4,5,13498238,26996476,2788211,40000000,0,1,-1.54,0,1,10,339,851,19059,16065,123766,282112,0,8,94,177,4840,4263,32057,72937,6220771,556579,14,15,17,15,20,1,1,0,0,1,10,1
2018,1,6,12,61,30,29,33,26,3,100846044,201692088,14415080,570000000,1,0,0.27,1,7,100,2294,5935,150796,121961,933841,2222356,0,15,382,962,25166,20614,153423,365547,607199207,4003400,20,23,18,18,19,3,2,1,3,1,8,1
2018,1,3,42,39,18,2,37,12,3,74571839,149143678,10399717,460000000,0,20,-0.11,0,5,84,1860,4759,113256,95197,717752,1697955,1,8,253,773,17983,15544,118055,279702,29968850,3063187,16,15,17,15,17,1,0,2,2,1,10,0
2017,12,30,58,28,51,41,36,24,2,57134436,114268872,8661334,384000000,0,19,-0.37,0,3,38,1251,3013,77818,62644,491842,1220253,1,7,217,515,13461,10812,85334,215697,20549719,2182906,12,27,12,21,14,1,1,1,0,1,11,1
2017,12,27,16,60,3,56,9,3,3,31998364,63996728,5052494,337000000,0,18,-0.53,0,0,30,724,1950,47773,41832,308958,708888,1,5,127,381,9022,8229,59697,132316,12034846,1319933,25,16,22,14,19,2,0,0,0,3,10,1
2017,12,23,44,15,1,13,3,25,2,33351708,66703416,5417829,300000000,0,17,-0.65,0,1,46,1001,2284,59062,43271,304832,696439,0,7,215,472,12412,8730,59545,133780,12369897,1322097,17,12,15,14,21,4,0,1,2,0,11,0
2017,12,20,20,61,64,1,69,20,2,24267586,48535172,4109136,269000000,0,16,-0.76,0,0,20,436,1284,31439,26297,206545,508204,0,5,93,287,6171,5331,42025,103169,7283018,931306,21,22,26,14,25,2,1,0,1,0,8,0
2017,12,16,35,63,37,9,50,11,2,22620444,45240888,4039509,250000000,0,15,-0.82,0,1,13,479,1169,29109,25799,209301,515159,0,0,107,257,6126,5627,46838,116658,7414961,956643,9,24,16,18,16,0,0,1,3,0,9,0
2017,12,13,2,28,51,58,24,7,3,19319102,38638204,3441040,229000000,0,14,-0.90,0,1,19,434,1220,26489,25155,192886,458751,0,6,88,246,5697,5625,43346,102568,8072386,862531,14,26,11,11,14,2,1,1,1,1,7,0
2017,12,9,36,60,55,37,25,6,5,19129745,38259490,3510504,212000000,0,13,-0.95,0,2,19,411,966,24114,20584,164524,416896,1,4,93,216,5298,4406,35547,92235,10156134,765316,13,15,14,15,19,1,0,1,1,2,11,1
2017,12,6,50,19,55,62,20,9,2,16489484,32978968,3105536,193000000,0,12,-1.02,0,0,19,359,887,21455,18945,150714,374145,0,3,85,210,5037,4431,35842,89983,5704064,702115,15,18,13,23,20,0,3,1,2,2,15,2
2017,12,2,32,30,36,28,58,6,3,16921067,33842134,3144938,177000000,0,11,-1.07,0,1,16,363,913,22132,19083,149980,362579,0,3,88,194,5116,4267,33207,81086,6369500,679028,31,17,12,25,10,3,0,1,1,1,10,1
2017,11,29,59,28,26,24,63,16,3,14653007,29306014,2662866,163000000,0,10,-1.12,0,1,8,284,706,18884,15577,121430,292709,0,1,52,168,4046,3222,25949,62455,4826259,545492,16,24,14,13,23,0,1,3,1,0,7,1
2017,11,25,53,8,54,27,13,4,2,14221360,28442720,2721992,149000000,0,9,-1.17,0,3,11,336,834,21915,17929,132133,301940,0,7,82,184,5350,4278,31452,70298,8235188,586752,17,14,19,16,13,0,2,1,2,2,9,1
2017,11,22,61,51,37,46,35,13,2,14962676,29925352,2767370,134000000,0,8,-1.22,0,0,8,289,800,18648,16475,130088,360786,0,7,61,166,4032,3721,30265,88006,5418422,653352,21,10,14,11,8,1,1,1,0,0,11,0
2017,11,18,17,31,28,32,39,26,3,14754865,29509730,2807194,119000000,0,7,-1.27,0,3,8,312,885,21884,17467,133081,310627,0,5,79,191,5382,3997,30229,71490,7818576,595640,17,18,23,30,14,4,1,1,3,0,7,1
2017,11,15,48,32,44,50,23,25,2,13192678,26385356,2502567,103000000,0,6,-1.33,0,1,15,298,665,17831,14144,107797,271462,1,3,71,176,4150,3169,24524,63196,7317600,507503,16,29,16,14,26,1,3,4,0,2,10,0
2017,11,11,56,6,4,30,16,18,2,13319662,26639324,2627599,90000000,0,5,-1.37,0,0,11,371,809,22801,15874,114628,262526,2,4,92,175,5902,3889,27882,63621,8431088,518587,13,12,11,16,24,0,1,1,0,2,6,0
2017,11,8,12,21,14,34,20,22,2,11717617,23435234,2337920,75000000,0,4,-1.42,0,1,9,304,701,19775,13476,98105,222751,0,2,74,177,5033,3266,23873,53288,4542192,440835,19,17,14,10,19,2,2,0,1,2,10,0
2017,11,4,51,48,12,26,14,13,3,12867809,25735618,2584601,64000000,0,3,-1.46,0,2,10,291,837,18071,16101,123466,291723,0,5,77,186,4549,4219,33206,77922,6859324,570665,9,15,18,13,13,1,1,2,3,0,10,0
2017,11,1,26,3,19,6,44,1,2,11093300,22186600,2255609,52000000,0,2,-1.50,0,1,11,446,816,22830,13904,93697,205530,0,2,121,195,6095,3614,23624,50843,4622539,421729,12,20,17,11,15,3,0,3,1,4,7,1
2017,10,28,35,27,57,66,38,10,2,12186891,24373782,2465683,40000000,0,1,-1.54,0,0,9,238,600,14475,12779,105072,274748,0,1,43,165,3562,3198,27111,72037,3787994,514038,7,15,19,20,12,0,2,1,1,1,11,2
2017,10,25,57,54,29,22,18,8,3,17429345,34858690,3045883,191000000,1,0,-1.03,1,2,22,363,1036,23913,21106,161560,384616,0,2,80,212,4885,4356,33487,79534,198677650,715175,18,18,17,16,16,1,1,2,1,2,9,1
2017,10,21,14,45,69,41,42,4,2,17812039,35624078,3233638,173000000,0,10,-1.09,0,1,16,339,905,22710,19250,155441,397576,0,2,84,176,4886,4089,33587,87964,6455275,727026,12,13,24,20,15,0,0,0,0,1,8,1
2017,10,18,69,54,49,30,66,8,2,15685636,31371272,2859066,156000000,0,9,-1.15,0,2,12,308,784,19150,16104,133279,356450,1,0,68,142,3893,3480,28979,79119,8429903,641771,23,17,14,15,19,0,0,0,0,1,8,1
2017,10,14,56,37,69,32,66,11,3,16353787,32707574,3061935,143000000,0,8,-1.19,0,0,12,332,775,19468,17105,139783,383237,0,1,61,170,4071,3790,32218,91882,4932372,692905,12,13,22,28,18,0,1,0,3,1,8,0
2017,10,11,1,69,19,3,13,23,2,14238622,28477244,2686743,128000000,0,7,-1.24,0,0,14,517,1055,28018,18657,124356,278282,1,6,138,281,7350,4718,29137,64344,7195377,556874,13,21,16,19,12,1,0,3,0,2,6,0
2017,10,7,61,10,49,65,63,7,2,15092752,30185504,2919885,112000000,0,6,-1.30,0,0,10,285,752,17532,16040,139888,377623,1,4,64,185,3998,3789,34316,94284,7290175,688771,20,19,13,12,22,1,1,0,2,0,6,0
2017,10,4,23,63,62,66,22,24,2,12846574,25693148,2553726,94000000,0,5,-1.36,0,0,11,271,570,14853,12372,100135,256995,0,2,68,134,3407,2908,23643,62832,3784110,478201,25,21,22,17,15,2,0,2,1,0,10,1
2017,9,30,8,25,12,41,64,15,3,13594244,27008488,2723829,80000000,0,4,-1.41,0,0,10,296,762,19330,15261,112891,257819,0,3,61,190,4961,3912,27681,63075,4131482,506252,13,18,17,19,25,2,2,2,0,0,10,0
2017,9,27,21,25,10,23,8,22,3,11651894,23303788,2348361,66000000,0,3,-1.45,0,4,17,578,750,25775,13966,93515,207348,0,1,181,171,7002,3321,22344,48831,7790922,423804,16,17,18,24,12,2,2,1,2,2,9,0
2017,9,23,45,24,56,55,57,19,2,12486306,24972612,2572387,53000000,0,2,-1.50,0,1,6,209,573,14106,11862,95433,247472,0,3,61,127,3510,2979,24295,63760,4630925,464397,12,12,11,12,17,0,1,0,1,0,11,0
2017,9,20,68,48,67,39,53,26,3,11245548,22491096,2604402,40000000,0,1,-1.54,0,1,9,177,508,12990,10476,83807,250005,0,4,65,136,3199,2578,20830,64126,4819099,448911,19,14,18,13,16,0,1,0,0,0,6,0
2017,9,16,31,24,25,17,18,24,2,16503405,33006810,3344676,132000000,1,0,-1.23,1,7,16,593,958,28553,18998,135821,302221,2,4,166,306,7755,5034,34454,76162,148377686,611051,17,11,16,16,15,1,1,2,4,1,9,1
2017,9,13,24,63,35,57,17,19,3,14433051,28866102,2894781,115000000,0,6,-1.29,0,1,14,298,679,17875,15172,119045,294876,0,3,73,167,4298,3796,29936,74929,5635067,561162,10,20,6,16,15,0,0,0,0,3,10,0
2017,9,9,59,20,6,57,29,22,2,15781789,31563578,3176666,102000000,0,5,-1.33,0,1,13,328,858,20805,16759,126566,305478,0,2,78,193,5178,4000,31463,74699,5607706,586421,15,18,10,15,16,0,2,1,0,1,8,0
2017,9,6,32,14,8,58,67,17,3,13397758,26795516,2717247,83000000,0,4,-1.40,0,1,8,246,647,16551,14744,115611,280092,0,1,71,149,4070,3687,29541,72086,4889598,537505,27,11,11,9,17,3,0,2,1,0,10,1
2017,9,2,62,41,21,52,6,26,2,15266985,30533970,3324657,68000000,0,3,-1.45,0,3,17,282,702,18856,15719,128926,310108,0,3,90,225,5137,4204,34894,83985,8113770,603151,21,18,15,21,9,2,0,2,2,1,5,0
2017,8,30,43,19,69,28,67,7,2,13314777,26629554,2842126,53000000,0,2,-1.50,0,1,12,245,780,16000,15672,130207,324523,0,1,77,234,4134,4400,36463,90767,5692398,623516,13,15,20,22,16,0,3,0,1,0,5,0
2017,8,26,66,15,7,38,32,15,2,15363092,30726184,3293831,40000000,0,1,-1.54,0,1,7,268,766,19382,16915,130583,300529,0,2,87,203,5084,4724,35781,80641,5421959,594973,16,11,13,11,26,1,0,1,1,3,9,0
2017,8,23,7,26,16,23,6,4,4,228841602,457683204,29827564,700000000,1,0,0.72,1,34,331,7790,17884,428330,327019,2261486,5130219,6,62,1311,2834,68584,50186,339904,761743,826229097,9397724,12,11,23,23,8,1,3,2,2,1,7,1
2017,8,19,17,68,19,43,39,13,4,113687199,227374398,15519003,535000000,0,20,0.15,0,8,99,2645,6763,166736,144290,1114767,2652465,2,17,394,1107,26162,23437,181377,434325,46567213,4754594,14,18,14,12,12,3,0,3,0,0,9,0
2017,8,16,64,43,60,9,15,4,3,64970596,129941192,9255981,430000000,0,19,-0.21,0,2,78,1484,3590,89527,77027,606329,1473994,1,15,266,525,14281,12327,99961,242257,25047254,2621664,24,11,14,17,10,0,0,0,3,0,6,1
2017,8,12,35,20,49,26,24,19,2,53947491,107894982,8149617,356000000,0,18,-0.46,0,5,59,1168,3058,77910,63983,489065,1176672,0,5,215,505,13681,11295,87145,210742,21093939,2135508,5,17,12,10,9,0,2,0,2,0,9,0
2017,8,9,12,30,47,62,36,9,4,38091720,76183440,5964993,307000000,0,17,-0.63,0,3,37,829,2293,53172,47466,365075,880257,0,8,161,455,9741,8922,69489,169286,15490017,1607194,16,14,14,20,11,2,0,0,2,1,14,2
2017,8,5,33,21,45,11,28,11,2,28805115,57610230,5000291,286000000,0,16,-0.70,0,3,29,750,2118,47141,39851,280612,635990,2,11,184,488,10552,9144,61711,135642,17645604,1224228,18,14,11,15,21,0,2,0,1,1,7,0
2017,8,2,16,1,54,63,69,18,3,20878595,41757190,3778100,261000000,0,15,-0.79,0,0,20,447,1083,26480,22465,177662,439951,1,4,96,220,5794,4964,40104,99123,8557509,818414,22,12,16,19,19,1,1,0,0,0,5,0
2017,7,29,1,40,28,48,45,12,2,21225766,42451532,3952777,239000000,0,14,-0.86,0,0,17,402,1126,28141,24425,190940,456330,0,3,105,268,6249,5538,44136,105513,6565057,863193,11,20,20,13,10,1,1,1,1,0,9,0
2017,7,26,19,42,21,7,69,12,2,18298074,36596148,3375550,220000000,0,13,-0.93,0,3,13,432,1172,30061,23646,170821,391057,1,12,127,304,7197,5782,40164,89228,12188424,760020,13,14,13,11,18,3,1,2,0,0,8,0
2017,7,22,44,32,60,5,53,9,3,18926033,37852066,3615234,205000000,0,12,-0.98,0,3,16,364,1165,24725,22680,173913,420331,0,4,85,291,5805,5410,42017,100769,9323458,797578,14,25,13,16,15,4,3,0,1,0,13,2
2017,7,19,63,51,59,61,50,4,5,16037372,32074744,3092938,187000000,0,11,-1.04,0,0,18,317,722,18545,15487,125727,358712,0,5,78,154,4072,3553,28646,83899,5510145,639935,18,8,14,19,13,0,1,0,1,0,5,1
2017,7,15,40,66,9,64,63,17,2,17168945,34337890,3374244,172000000,0,10,-1.09,0,0,11,344,812,20215,17560,145344,372147,1,3,73,222,4782,4311,35993,94136,7290990,695954,19,15,16,23,17,1,1,3,0,0,9,1
2017,7,12,18,23,2,61,1,9,2,15064553,30129106,2936813,155000000,0,9,-1.15,0,1,17,351,945,22712,19579,142998,325165,0,4,76,276,5692,4953,36023,79644,6465438,638436,14,22,13,18,10,0,1,2,1,1,12,2
2017,7,8,29,8,40,59,10,26,2,15867145,31734290,3200108,140000000,0,8,-1.20,0,1,16,350,973,23517,19900,143839,324724,0,3,82,201,6078,4898,35632,80791,6272943,641005,15,10,18,13,17,1,2,1,0,1,4,0
2017,7,5,54,9,68,4,16,21,2,13047589,26095178,2649109,121000000,0,7,-1.27,0,0,12,283,729,18326,14980,110933,255552,0,3,79,197,4757,3770,27750,63725,4209849,501096,15,15,17,10,21,0,3,0,1,1,10,0
2017,7,1,45,19,42,53,48,16,3,14771246,29542492,3097862,106000000,0,6,-1.32,0,1,10,285,741,19234,15245,117069,285266,0,5,87,183,4999,3956,29808,73310,5709764,550199,9,12,13,14,12,0,3,1,0,1,6,1
2017,6,28,46,37,29,53,68,8,2,12281657,24563314,2584623,92000000,0,5,-1.37,0,0,9,232,561,14204,12278,100522,263948,0,4,43,141,3701,3130,26152,69711,4121561,494636,10,12,14,13,16,0,1,1,0,0,7,0
2017,6,24,36,32,22,58,10,10,4,13068148,26136296,2811853,79000000,0,4,-1.41,0,2,7,281,803,17454,15475,118740,276808,0,3,69,189,4692,4404,33556,76734,6312991,549217,10,24,14,8,16,1,3,0,1,1,10,2
2017,6,21,65,14,46,68,61,13,2,11467702,22935404,2461796,64000000,0,3,-1.46,0,1,9,186,511,12239,11003,93847,274902,1,1,46,139,3228,3035,26177,79426,6761649,504751,11,10,9,15,17,2,0,0,0,1,8,0
2017,6,17,13,62,10,53,32,21,2,12773447,25546894,2770104,52000000,0,2,-1.50,0,1,8,266,593,16407,13516,104549,246541,0,2,65,160,4585,3715,28798,67515,4797277,486721,11,19,15,12,23,2,2,1,0,3,9,0
2017,6,14,63,22,5,43,57,24,2,11511527,23023054,2426778,40000000,0,1,-1.54,0,0,3,212,494,13925,11252,90923,222345,0,1,54,124,3453,2970,23904,58618,2978458,428278,16,13,15,10,14,0,0,1,0,0,8,0
2017,6,10,32,26,20,38,58,3,2,67058726,134117452,9453046,435000000,1,0,-0.19,1,3,65,1887,3863,97286,80425,631158,1546199,0,8,351,663,15590,13152,103623,256058,458202359,2750332,22,9,16,10,7,3,2,2,1,1,9,1
2017,6,7,66,57,5,69,21,13,3,44618553,89237106,6474800,375000000,0,19,-0.40,0,3,36,878,2570,61404,54553,431576,1046865,1,6,117,409,9661,9428,76036,184874,18459852,1878417,14,13,14,17,12,1,0,1,0,2,7,0
2017,6,3,54,41,9,3,21,25,4,38696865,77393730,6005951,337000000,0,18,-0.53,0,3,33,1027,2386,62761,48166,351844,814315,1,8,199,443,12033,8937,64964,147662,16816907,1514782,14,17,14,18,11,0,0,3,0,2,9,0
2017,5,31,60,39,33,4,46,6,2,30853111,61706222,4780775,302000000,0,17,-0.65,0,0,20,625,1737,42640,35632,284922,687291,0,5,126,303,7747,6265,51201,122597,8931484,1241111,12,11,17,9,8,0,0,0,1,0,9,1
2017,5,27,55,10,5,67,28,9,3,26987287,53974574,4468048,275000000,0,16,-0.74,0,3,30,597,1726,40543,34258,256057,604751,0,5,127,323,8254,6913,51211,120888,11967834,1125686,11,14,13,15,19,1,1,1,0,1,11,2
2017,5,24,38,28,33,32,62,15,2,23672688,47345376,3873175,250000000,0,15,-0.82,0,1,20,503,1268,32066,26754,210592,514811,0,1,100,252,5969,5138,41187,100239,7676411,938901,9,18,16,21,18,0,1,0,2,2,8,0
2017,5,20,45,5,47,54,22,3,2,23444667,46889334,4058813,228000000,0,14,-0.90,0,2,26,524,1351,33003,27985,217731,516130,0,7,99,298,6919,5819,45413,109309,10143122,964616,8,12,13,13,12,0,1,0,0,0,8,1
2017,5,17,39,4,48,45,11,9,3,20972519,41945038,3594560,204000000,0,13,-0.98,0,1,17,476,1196,30199,26662,200040,460352,0,4,106,268,6249,5566,41766,94724,7654990,867626,10,8,11,7,14,0,1,1,0,1,10,2
2017,5,13,68,17,20,63,32,19,5,19430226,38860452,3574279,184000000,0,12,-1.05,0,3,14,383,987,25227,20833,166016,411894,0,1,64,223,5434,4669,36897,93924,8489175,766569,14,13,15,15,20,0,3,1,0,2,8,0
2017,5,10,62,31,56,46,29,8,2,17166512,34333024,3149523,165000000,0,11,-1.12,0,3,19,310,958,21377,18744,150560,382328,0,2,60,163,4605,4152,33570,86344,8478964,703195,17,16,10,7,13,2,0,0,0,1,6,0
2017,5,6,31,21,11,41,59,21,3,17608422,35216844,3368587,147000000,0,10,-1.18,0,4,50,886,1053,26534,20286,151492,351859,0,14,241,255,6281,5037,36132,81514,12933274,681638,15,10,13,16,12,0,2,1,0,0,8,0
2017,5,3,18,49,66,17,59,9,2,15596177,31192354,2991480,130000000,0,9,-1.24,0,1,11,299,734,18998,17213,139502,342021,0,2,62,185,4293,4030,33370,81233,5756988,641954,13,11,13,12,11,0,0,1,3,0,9,2
2017,4,29,24,22,23,62,45,5,2,15904814,31809628,3192494,113000000,0,8,-1.29,0,1,5,293,909,20540,19021,148404,345439,0,2,62,207,5206,4881,37761,87127,5713682,669858,8,11,21,16,6,0,0,1,2,0,9,1
2017,4,26,18,1,51,15,26,26,4,14226117,28452234,2782692,100000000,0,7,-1.34,0,3,20,345,999,21807,18766,133762,299256,0,5,91,296,5380,4941,33434,73148,8512308,592253,12,9,7,9,8,0,1,1,0,1,3,0
2017,4,22,39,21,48,41,63,6,3,14008192,28016384,2909522,90000000,0,6,-1.37,0,1,17,281,740,16899,14512,115936,296681,0,0,62,166,4188,3662,29990,76754,5336623,559889,9,9,10,15,14,0,2,1,0,0,8,1
2017,4,19,1,19,52,40,37,15,3,12086114,24172228,2514027,80000000,0,5,-1.41,0,1,6,261,629,16700,13307,103171,243766,0,2,70,183,4400,3494,27165,63211,4612983,476366,8,11,20,17,11,1,3,2,1,1,7,0
2017,4,15,61,26,45,5,22,13,3,13308094,26616188,2771396,70000000,0,4,-1.44,0,0,15,239,773,17882,16374,125573,295052,0,2,56,220,4536,4614,33944,79575,4710670,578855,16,7,5,11,10,1,1,0,1,0,6,0
2017,4,12,68,63,14,8,61,24,2,11524944,23049888,2440268,60000000,0,3,-1.47,0,1,7,214,479,12679,11274,91225,225449,0,1,42,140,3339,2960,24285,59998,4201942,432093,13,13,9,9,15,0,0,0,2,1,7,0
2017,4,8,51,53,36,23,60,15,2,12480521,24961042,2703745,50000000,0,2,-1.51,0,0,10,237,576,14301,12355,99962,256902,0,2,60,168,3855,3333,27480,71551,3903068,490792,6,11,9,20,11,1,0,1,1,0,6,0
2017,4,5,53,20,54,46,8,13,2,11045268,22090536,2379140,40000000,0,1,-1.54,0,2,7,198,601,13297,12709,102143,246536,0,2,60,167,3571,3621,29236,70092,5717726,482242,10,14,12,6,8,0,1,0,0,2,5,0
2017,4,1,65,9,44,36,32,1,3,12951410,25902820,2840504,60000000,1,0,-1.47,1,1,7,281,581,16010,12702,101061,246803,0,2,55,141,4248,3292,27652,68560,64700324,481397,10,13,13,8,19,2,3,4,1,2,6,1
2017,3,29,8,62,31,36,15,11,3,11233979,22467958,2421512,50000000,0,2,-1.51,0,1,11,186,618,14736,13207,102876,244609,0,2,49,192,3993,3743,28757,68738,4920637,481718,7,15,14,7,8,2,2,0,0,0,6,0
2017,3,25,32,18,31,48,45,16,4,12868712,25737424,2775694,40000000,0,1,-1.54,0,0,15,254,657,16997,13140,100998,245371,0,2,84,160,4631,3546,26810,65118,4085588,477783,18,11,13,9,4,1,0,0,1,0,5,1
2017,3,22,2,29,9,27,42,9,2,16277301,32554602,3161182,155000000,1,0,-1.15,1,2,32,555,1340,30105,23504,153819,337993,0,9,139,351,7868,6082,37859,80332,164340253,679991,12,12,12,14,12,2,1,2,2,1,8,2
2017,3,18,25,67,54,44,13,5,3,17450121,34900242,3486217,141000000,0,7,-1.20,0,2,12,350,892,22891,19990,156693,385299,0,1,83,201,5669,4802,39591,96358,7278814,732834,15,14,11,12,10,1,0,0,3,2,8,1
2017,3,15,30,16,41,48,53,16,3,14925612,29851224,2995984,123000000,0,6,-1.26,0,1,7,321,817,19220,15905,121427,290478,1,4,70,183,4738,3905,30052,69959,7414830,557088,13,20,14,8,9,0,1,0,1,0,4,1
2017,3,11,57,41,50,26,1,11,2,16275107,32550214,3344208,104000000,0,5,-1.32,0,0,6,295,853,19841,18289,148220,364029,0,4,66,219,4911,4918,39732,98897,5286163,700280,12,13,12,6,7,0,0,0,1,1,5,0
2017,3,8,42,23,59,46,33,4,2,13468239,26936478,2847616,85000000,0,4,-1.39,0,0,11,262,622,16994,14474,112838,284019,0,4,72,172,4525,3748,29336,73970,4532709,541047,11,19,10,5,15,0,1,0,0,0,4,0
2017,3,4,2,22,63,19,18,19,3,14434327,28868654,3154145,68000000,0,3,-1.45,0,1,13,348,884,22304,16935,123438,283481,0,2,95,219,6447,4925,34885,78124,5664669,572101,11,9,12,10,10,1,0,0,3,0,7,0
2017,3,1,16,10,52,40,55,17,10,12506202,25012404,2648030,53000000,0,2,-1.50,0,0,11,232,656,16786,14320,107612,259669,0,1,70,204,4450,3952,29366,70619,3934128,507948,19,13,19,16,10,1,1,2,1,1,8,1
2017,2,25,6,62,32,47,65,19,2,13888704,27777408,2910938,40000000,0,1,-1.54,0,1,12,264,647,16104,13688,112366,282323,0,2,56,181,4120,3533,29561,75094,5266073,537952,7,14,17,12,9,0,2,1,0,1,6,0
2017,2,22,52,10,61,28,13,2,2,74952749,149905498,10185004,403000000,1,0,-0.30,1,6,71,1693,4639,112588,92751,702454,1654700,1,5,249,730,17813,14760,108962,256603,432163702,2968026,18,12,14,17,9,2,1,1,1,2,7,1
2017,2,18,9,3,33,7,31,20,3,41665696,83331392,6274039,349000000,0,18,-0.49,0,6,55,1705,3007,89832,53790,379052,875142,3,3,378,559,18464,9895,66742,151763,25192029,1650396,11,17,14,10,12,1,0,0,0,0,7,0
2017,2,15,33,5,42,38,28,19,2,33754629,67509258,5153428,310000000,0,17,-0.62,0,5,27,850,1893,50475,40905,309345,733993,0,1,168,348,8823,7462,57391,134836,14390821,1346522,13,10,10,8,16,0,1,0,0,0,5,0
2017,2,11,37,64,17,9,5,2,2,28146160,56292320,4652739,285000000,0,16,-0.70,0,1,23,695,1708,44138,34937,254847,588558,4,2,143,298,8996,6814,49621,112737,17030051,1103522,10,22,11,10,9,1,0,3,1,1,6,1
2017,2,8,49,20,42,14,66,5,2,24958367,49916734,4066235,255000000,0,15,-0.81,0,3,19,508,1297,33027,29165,231481,573855,0,6,70,255,6220,5655,44968,113450,10935079,1039979,10,13,9,8,12,0,1,0,0,1,7,1
2017,2,4,52,17,16,13,6,25,3,24638291,49276582,4201107,229000000,0,14,-0.90,0,1,19,586,1649,39998,31326,223448,507190,1,5,135,339,8729,6830,46792,103512,10617907,970560,17,10,18,8,6,1,3,1,1,0,8,0
2017,2,1,9,60,64,43,57,10,2,20669972,41339944,3529639,206000000,0,13,-0.98,0,4,10,421,1075,26125,22463,185096,474326,0,5,90,172,5130,4406,38034,100748,10321644,858105,9,10,21,9,11,1,0,0,0,0,9,2
2017,1,28,39,12,49,69,20,17,2,18821356,37642712,3484916,187000000,0,12,-1.04,0,3,13,392,1015,24719,21577,168791,404910,0,1,78,216,5570,4975,39382,93840,8467885,765482,8,15,9,16,12,0,2,0,0,1,7,1
2017,1,25,18,62,66,68,28,22,2,15589230,31178460,2962730,170000000,0,11,-1.10,0,1,12,298,722,18228,15811,124334,317128,0,2,56,159,4073,3486,28020,72393,5434316,584723,9,13,11,12,15,0,2,1,0,0,7,0
2017,1,21,45,25,23,67,52,2,2,16557567,33115134,3238280,153000000,0,10,-1.16,0,1,15,325,771,21121,17452,136035,336219,1,3,65,161,5080,4056,32169,78636,8057943,632110,3,14,18,13,16,0,1,1,0,1,5,1
2017,1,18,41,9,58,40,53,12,2,14154095,28308190,2800057,135000000,0,9,-1.22,0,1,8,282,682,17650,15336,125729,309659,0,2,83,189,4051,3657,31456,78367,5330198,587152,12,8,6,15,8,0,1,0,1,0,7,0
2017,1,14,55,69,23,64,59,13,5,15910411,31820822,3175470,121000000,0,8,-1.27,0,0,10,298,808,19658,16856,139836,379176,0,1,60,230,4920,4245,36068,100222,5007191,702388,9,15,17,20,9,1,0,1,0,0,4,0
2017,1,11,1,16,13,43,3,24,2,13180846,26361692,2645418,106000000,0,7,-1.32,0,0,12,449,935,26051,16735,113006,252412,1,4,121,271,6841,4366,28595,62358,6543957,512157,6,17,7,8,16,1,1,1,0,0,6,0
2017,1,7,37,63,12,24,3,10,2,13184353,26368706,2702423,94000000,0,6,-1.36,0,1,12,323,849,20248,16980,123171,278139,0,3,67,231,5406,4417,32047,72335,5581303,554229,9,11,14,7,15,1,0,2,0,0,8,2
2017,1,4,17,16,42,41,29,4,3,11933816,23867632,2473928,80000000,0,5,-1.41,0,0,7,332,693,17333,14509,106562,244869,0,1,73,186,4592,3782,27308,62765,3565548,483012,9,16,8,11,11,3,1,0,0,0,3,0
2016,12,31,1,28,3,67,57,9,2,16059366,32118732,3258262,70000000,0,4,-1.44,0,0,8,300,846,21161,19213,143894,339554,0,5,61,226,5255,4925,36875,86782,5264774,659105,5,14,14,12,10,1,0,0,0,0,7,1
2016,12,28,30,23,44,58,16,4,2,11276996,22553992,2370877,60000000,0,3,-1.47,0,0,12,295,617,15523,13405,99571,231365,1,3,113,173,4140,3502,26123,60177,5949322,455020,12,16,11,5,15,0,1,3,0,1,2,0
2016,12,24,38,52,42,51,28,21,2,15011424,30022848,3015772,50000000,0,2,-1.51,0,1,18,272,707,18958,15763,121782,305357,0,4,80,181,4634,3830,30358,75896,6080595,577841,7,15,7,5,13,0,1,0,1,0,7,0
2016,12,21,25,68,40,54,33,3,5,11363334,22726668,2373591,40000000,0,1,-1.54,0,0,6,213,568,13661,12075,97504,247400,0,1,60,146,3532,3108,25786,65668,3386556,469728,13,11,14,10,12,1,0,1,0,0,7,0
2016,12,17,16,40,8,48,1,10,2,16131673,32263346,3126813,119000000,1,0,-1.27,1,2,17,403,999,25260,20957,152804,343159,0,2,109,262,6323,5153,37715,83746,126407399,676912,14,13,6,7,4,1,1,2,1,1,7,2
2016,12,14,39,18,66,37,26,15,3,14729202,29458404,2804505,100000000,0,5,-1.34,0,0,8,339,769,18791,16164,125291,307571,0,4,67,170,4367,3658,28612,71560,4528622,577371,7,8,10,8,5,0,0,1,1,1,5,0
2016,12,10,32,21,12,44,66,15,2,14129378,28258756,2860048,85000000,0,4,-1.39,0,1,8,276,720,19294,15880,120399,286123,0,2,95,191,4854,3875,30015,71529,5159543,553262,16,8,13,10,9,1,2,2,3,1,4,0
2016,12,7,49,64,48,41,53,20,2,12305452,24610904,2499693,67000000,0,3,-1.45,0,0,7,212,586,13989,11829,93002,246188,0,1,53,121,3451,2811,23224,61598,3318852,457072,8,19,6,10,7,0,0,0,0,0,6,0
2016,12,3,27,26,33,8,10,22,2,13391071,26782142,2793293,54000000,0,2,-1.50,0,3,13,426,820,25213,16288,112428,250332,1,2,141,239,7074,4353,29074,63806,9284674,510213,13,4,11,5,11,1,1,0,1,0,6,0
2016,11,30,3,45,25,14,18,7,2,11572834,23145668,2351607,40000000,0,1,-1.54,0,1,17,351,1021,20210,18290,123221,261550,0,5,91,291,5382,4823,32953,68028,6086461,536234,13,2,12,7,7,0,0,1,0,0,4,0
2016,11,26,21,17,37,44,19,16,2,47266822,94533644,6840650,403000000,1,0,-0.30,1,3,41,1218,2838,76471,57767,432016,1012431,1,5,204,460,13352,9429,71580,166216,421454207,1844033,7,8,7,9,9,2,3,1,3,3,3,1
2016,11,23,7,61,41,47,32,3,2,37147138,74294276,5500368,359000000,0,19,-0.45,0,3,33,817,2133,52006,44303,351266,842208,0,7,132,357,8975,7517,61796,148299,14457231,1519852,9,13,9,11,15,0,0,0,0,1,6,0
2016,11,19,24,61,43,16,28,21,2,30381648,60763296,4818669,320000000,0,18,-0.59,0,1,20,653,1682,42906,34764,267442,649648,0,3,129,254,8041,6405,49569,120991,9360536,1182508,6,12,7,13,12,0,0,0,0,0,6,0
2016,11,16,28,61,63,41,65,7,2,25043094,50086188,4017932,293000000,0,17,-0.68,0,0,14,491,1285,31570,27692,231251,627047,0,2,92,209,5659,5181,44194,127591,7404986,1102278,11,11,10,8,8,0,0,0,0,1,3,0
2016,11,12,20,8,27,52,17,24,2,23444932,46889864,4013756,258000000,0,16,-0.80,0,3,25,662,1495,39866,28698,206399,474327,0,5,128,323,8597,6080,42170,95016,10508301,903794,11,4,12,14,7,1,1,1,1,2,5,0
2016,11,9,28,31,54,25,1,2,2,20818016,416336032,3502988,236000000,0,15,-0.87,0,0,19,511,1237,31904,24399,183904,432586,0,4,110,230,6719,4823,36107,84349,6374735,806902,10,11,9,11,3,0,0,0,1,0,4,0
2016,11,5,31,50,69,21,51,8,3,21478384,42956768,3802515,217000000,0,14,-0.94,0,0,21,452,1067,28063,24016,190437,480265,0,1,89,236,5812,4947,40907,102921,6448636,879234,10,11,14,6,4,0,0,0,1,1,5,0
2016,11,2,18,54,61,13,37,5,2,17945598,35891196,3228429,198000000,0,13,-1.00,0,1,23,374,926,23707,20773,164929,405796,0,4,82,192,5056,4600,36227,90352,7278184,753042,6,8,10,6,6,0,0,0,1,0,6,1
2016,10,29,42,48,20,21,19,23,3,17651852,35303704,3310695,180000000,0,12,-1.06,0,2,19,486,975,24870,20010,152556,357138,0,0,138,210,5840,4615,35115,80552,7160995,682526,6,5,10,5,8,0,0,1,1,2,5,0
2016,10,26,48,56,2,16,3,24,2,15652337,31304674,2900486,164000000,0,11,-1.12,0,1,11,319,851,22508,18563,135577,310571,0,2,68,190,5259,4233,30688,68648,5507853,597489,4,9,10,12,12,0,0,1,0,0,4,0
2016,10,22,1,55,33,28,56,22,2,16586749,33173498,3173518,151000000,0,10,-1.16,0,1,13,330,815,21712,17988,138793,333395,0,3,88,190,4944,4223,32141,76328,5958687,630964,2,8,10,9,8,0,1,0,0,0,5,0
2016,10,19,43,63,16,38,10,23,2,14647256,29294512,2770496,136000000,0,9,-1.21,0,1,14,301,753,19183,16084,125113,297067,0,3,68,175,4385,3668,28957,69022,5608750,564794,6,9,11,6,10,0,0,0,0,0,4,0
2016,10,15,64,49,57,23,67,20,2,15685446,31370892,3066567,122000000,0,8,-1.26,0,0,13,305,742,19120,15412,121981,318215,1,0,73,155,4387,3482,28900,77200,6264057,589986,18,7,9,15,11,0,0,0,1,0,5,0
2016,10,12,34,44,30,16,37,16,2,13539552,27079104,2658174,107000000,0,7,-1.31,0,0,15,303,755,18593,14385,112029,264944,0,4,75,201,4476,3415,26659,62244,4509885,508098,9,8,11,10,5,1,2,0,0,0,2,1
2016,10,8,3,64,68,61,54,9,2,13680854,27361708,2805904,91000000,0,6,-1.37,0,0,10,222,612,15580,13664,115052,302102,0,4,57,160,3938,3451,30096,79277,4589469,564225,11,17,10,9,7,0,0,0,0,0,6,1
2016,10,5,60,29,18,27,8,15,2,12319912,24639824,2553941,80000000,0,5,-1.41,0,1,8,309,728,19677,14855,106707,243919,0,3,84,214,5747,3883,27681,62959,4977238,486775,9,10,5,11,3,0,0,0,1,1,3,0
2016,10,1,12,64,50,61,2,1,2,13529320,27058640,2883956,70000000,0,4,-1.44,0,1,6,251,584,15687,13723,108128,260728,0,1,72,161,4214,3670,28371,68712,4615254,504309,12,16,10,8,9,2,0,0,0,1,5,0
2016,9,28,30,53,62,38,52,1,3,11558313,23116626,2416779,60000000,0,3,-1.47,0,1,7,207,531,13373,11039,87435,227727,0,1,52,137,3436,2734,22944,59611,4182262,429235,10,6,12,5,13,0,0,2,0,1,4,0
2016,9,24,15,7,29,41,20,22,2,12633761,25267522,2652582,50000000,0,2,-1.51,0,1,12,352,778,22017,14871,105453,239288,0,3,105,211,5766,3912,27323,62000,5170094,482092,7,8,9,7,9,0,0,0,0,1,4,0
2016,9,21,63,67,1,69,28,17,4,11231180,22462360,2311038,40000000,0,1,-1.54,0,1,12,191,490,12662,11370,93090,241167,0,1,40,136,3042,2826,24272,64109,4559952,453409,8,10,1,13,8,0,0,0,0,0,6,1
2016,9,17,51,19,9,62,55,14,4,22115862,44231724,3971731,244000000,1,0,-0.85,1,0,17,456,1202,30021,25017,193351,462780,0,4,94,281,6647,5307,41077,98354,250662296,864609,3,7,7,11,7,1,2,1,2,1,3,1
2016,9,14,10,31,23,28,11,14,2,19795129,39590258,3493659,222000000,0,13,-0.92,0,3,36,794,1612,40909,26601,180985,406250,0,5,221,349,9907,5843,38615,84447,10590604,796577,9,9,14,7,12,0,0,1,0,1,2,1
2016,9,10,3,17,49,68,55,8,2,20171285,40342570,3724955,205000000,0,12,-0.98,0,2,12,418,1024,25917,23122,183716,439116,0,4,100,198,5693,5152,40921,98305,8166658,823700,10,6,6,9,6,0,2,0,0,0,4,0
2016,9,7,23,55,33,22,29,21,2,16773364,33546728,3121924,186000000,0,11,-1.04,0,2,4,365,905,24992,18700,143048,343542,0,6,80,202,5743,4223,32258,77905,7095046,651975,13,5,9,8,8,1,0,0,0,0,5,0
2016,9,3,39,59,7,67,50,25,3,18576104,37152208,3559387,170000000,0,10,-1.10,0,0,13,374,925,23073,19579,158669,387352,0,5,85,229,5266,4524,37446,92029,5866038,729569,6,8,7,9,9,0,0,0,0,0,7,0
2016,8,31,10,56,24,61,5,12,2,16013013,32026026,2993551,154000000,0,9,-1.15,0,0,12,325,946,22830,20757,151220,349065,0,1,70,264,5200,5033,35957,81150,4903726,672830,8,7,5,7,8,0,0,0,0,1,6,0
2016,8,27,48,32,63,4,49,20,2,17240544,34481088,3314556,142000000,0,8,-1.19,0,0,10,300,802,21466,17645,140817,344623,0,2,74,171,4862,4201,32353,81418,4754812,648744,3,14,7,7,5,0,1,0,1,0,4,0
2016,8,24,25,11,9,65,64,16,3,15314846,30629692,2907726,127000000,0,7,-1.25,0,2,10,325,806,21447,16875,128725,306348,0,4,71,178,5130,3906,30245,70327,6692966,584399,10,11,6,7,15,1,1,0,1,0,1,0
2016,8,20,68,3,21,6,60,24,2,16424943,32849886,3233267,110000000,0,6,-1.30,0,1,18,343,889,22098,18371,137291,322291,0,1,79,201,5295,4395,33251,76523,5899589,621047,8,9,4,5,8,0,0,1,0,0,3,0
2016,8,17,44,49,33,50,52,8,3,13955539,27911078,2770792,94000000,0,5,-1.36,0,0,2,258,674,17362,14883,117717,309666,0,6,75,174,4114,3654,28424,76749,4528351,573758,7,4,8,8,12,2,0,0,0,1,3,0
2016,8,13,44,38,64,69,60,6,2,15014693,30029386,3070202,82000000,0,4,-1.40,0,1,9,281,685,17220,14935,117332,392418,0,1,72,164,4279,3596,28504,82913,5533864,662410,6,4,14,12,7,2,0,0,0,0,7,1
2016,8,10,64,56,61,23,67,12,5,13187319,26374638,2665046,67000000,0,3,-1.45,0,2,9,222,600,14786,13268,107224,297919,0,3,61,152,3410,3468,27355,77479,6265496,545958,13,6,6,12,8,0,0,0,1,0,5,0
2016,8,6,52,33,47,36,20,12,3,14518691,29037382,2976605,52000000,0,2,-1.50,0,2,6,287,775,18796,16147,127139,312941,0,4,77,224,4814,4051,32947,81504,6660998,599714,11,7,10,6,8,1,0,0,0,1,4,0
2016,8,3,66,27,11,9,67,2,3,13593064,27186128,2704867,40000000,0,1,-1.54,0,1,13,259,758,19445,15756,114998,265132,0,4,67,169,4906,3845,27813,64155,5476814,517321,8,10,10,5,7,1,1,1,0,0,3,0
2016,7,30,32,21,17,23,11,5,2,68361125,136722250,9400694,478000000,1,0,-0.04,1,14,121,2390,5746,127682,99451,683864,1548273,1,20,500,1135,23057,16865,111029,245201,519985701,2865350,13,3,5,11,9,1,1,2,1,1,5,1
2016,7,27,10,47,68,65,50,24,2,50343855,100687710,7061377,422000000,0,23,-0.24,0,3,47,1113,2670,68951,55883,442371,1091212,1,7,180,384,10860,8724,70391,176522,19329890,1929319,7,9,7,6,7,0,0,0,1,0,2,0
2016,7,23,39,5,35,7,23,11,2,33723893,67447786,5286268,390000000,0,22,-0.35,0,0,38,950,2686,58026,48632,337752,751822,0,5,177,512,11416,9880,66333,142414,11277382,1430643,5,7,4,6,10,0,1,0,0,0,4,0
2016,7,20,6,58,66,25,35,5,2,29351860,58703720,4648849,361000000,0,21,-0.44,0,2,17,619,1530,39079,35030,275357,675425,0,4,104,296,7014,6232,51988,128678,10552949,1221375,4,4,7,9,3,0,0,1,1,0,4,1
2016,7,16,11,50,40,17,62,26,2,28901102,57802204,4822969,333000000,0,20,-0.54,0,3,17,627,1565,40020,34030,265361,628151,1,4,132,299,7946,6895,53292,125029,13342411,1163372,8,6,12,4,10,0,0,0,1,1,2,0
2016,7,13,57,15,29,3,54,10,3,25764556,51529112,4244942,311000000,0,19,-0.62,0,2,29,610,1592,37003,32222,244675,580480,0,6,108,306,7127,6614,49171,116088,10751264,1076033,8,6,7,8,6,0,0,0,0,0,6,1
2016,7,9,32,28,10,64,61,12,3,28456157,56912314,4869927,288000000,0,18,-0.69,0,3,22,536,1527,37491,32727,260007,633145,0,5,104,271,7523,6686,54270,131929,11765711,1166246,12,6,6,12,5,0,0,0,0,0,3,0
2016,7,6,66,57,2,31,24,18,3,25790112,51580224,4368361,257000000,0,17,-0.80,0,3,14,518,1340,34162,28808,226827,548312,0,5,108,279,6797,5753,46499,112368,10463200,1011793,6,7,8,8,4,1,0,1,0,0,4,0
2016,7,2,63,39,59,34,10,4,2,25601922,51203844,4580648,243000000,0,16,-0.85,0,1,21,527,1276,32614,28115,225506,558533,2,4,99,251,6921,5901,48409,121145,12800469,1029325,6,4,7,8,5,0,0,0,1,0,1,0
2016,6,29,29,37,23,64,60,6,2,19878010,39756020,3581864,222000000,0,15,-0.92,0,2,13,379,945,24802,21744,174230,434896,1,2,75,190,5133,4599,37539,94866,9717458,799416,6,4,9,11,6,0,0,0,0,0,6,1
2016,6,25,36,3,56,69,27,25,2,19473471,38946942,3723221,203000000,0,14,-0.99,0,4,15,388,1011,25473,21262,168730,408672,0,4,90,256,5722,5065,40064,98464,10119316,775220,5,7,5,11,9,0,0,0,0,1,6,0
2016,6,22,14,42,43,52,40,17,3,16145468,32290936,3133890,184000000,0,13,-1.05,0,0,12,323,902,21049,17894,139435,345640,0,3,91,196,4946,4276,33824,84634,5086659,653225,6,5,5,10,11,0,0,0,1,0,5,1
2016,6,18,53,2,23,63,41,11,2,16993189,33986378,3378526,169000000,0,12,-1.10,0,2,15,358,879,21388,19587,154480,375447,1,4,87,206,5376,4885,39188,96210,9808390,718113,5,7,8,5,6,0,1,0,0,0,3,0
2016,6,15,33,4,24,31,22,10,2,15058732,30117464,2980922,153000000,0,11,-1.16,0,1,22,387,1111,24523,20034,143246,317788,1,3,112,291,6267,5121,35962,79316,8599219,634185,6,6,3,7,7,0,1,0,0,0,5,1
2016,6,11,36,58,27,41,20,7,2,15934844,31869688,3231680,141000000,0,10,-1.20,0,2,10,298,883,19910,19110,154324,378165,0,2,87,238,4924,5085,41203,101413,7340277,725654,4,3,8,5,7,0,0,1,0,1,2,0
2016,6,8,37,69,12,25,60,20,3,14395757,28791514,2898268,123000000,0,9,-1.26,0,0,12,286,683,18093,14517,115811,283554,0,6,72,175,4587,3578,28689,70777,4861787,540840,3,10,11,8,5,0,0,2,1,0,3,0
2016,6,4,20,16,43,64,22,17,2,15580792,31161584,3228115,110000000,0,8,-1.30,0,0,12,314,750,20259,16922,133443,326997,0,1,62,225,5032,4350,35134,86744,4704085,630245,6,9,4,10,6,1,0,0,0,0,4,1
2016,6,1,40,69,33,23,30,12,5,13384664,26769328,2742774,100000000,0,7,-1.34,0,2,17,251,697,17266,15287,117510,284176,0,3,62,191,4351,3831,30298,73594,6723841,547536,10,9,5,7,9,0,0,0,0,0,2,0
2016,5,28,6,34,33,59,58,12,2,13887418,27774836,2970047,90000000,0,6,-1.37,0,1,11,257,671,16652,14890,119898,294532,0,4,63,177,4461,3892,33025,80847,5735191,569381,3,7,4,6,2,0,1,0,0,0,1,0
2016,5,25,64,24,59,41,11,15,3,12305024,24610048,2618702,80000000,0,5,-1.41,0,0,10,236,586,14691,12727,102528,249580,0,2,62,161,3829,3328,27683,67530,3842311,482953,9,2,5,4,7,0,0,0,0,0,2,0
2016,5,21,9,32,5,7,23,26,4,13619669,27239338,2925160,70000000,0,4,-1.44,0,2,35,742,1625,34956,22837,133041,271709,1,12,247,483,10532,6555,37122,74812,11731286,594711,4,11,6,5,6,0,0,1,0,0,1,0
2016,5,18,25,67,39,23,54,11,3,12130314,24260628,2599084,60000000,0,3,-1.47,0,1,15,219,670,15275,13465,107326,266448,0,4,58,193,4228,3828,30550,75187,5648496,517467,7,6,3,5,5,1,0,0,0,0,2,0
2016,5,14,64,27,65,13,47,9,3,13355297,26710594,2848809,50000000,0,2,-1.51,0,2,10,253,622,15416,14320,115247,289857,0,2,66,195,4057,3748,30829,78679,6272369,553303,8,7,5,5,8,0,1,1,1,0,5,1
2016,5,11,69,32,52,66,20,23,3,12286113,24572226,2530420,40000000,0,1,-1.54,0,0,12,215,654,14289,11820,94475,251279,0,1,57,177,3592,3019,24221,64862,3680706,468673,8,10,9,5,5,0,0,1,1,1,3,0
2016,5,7,25,66,44,5,26,9,2,73980979,147961958,10000844,415000000,1,0,-0.26,1,7,52,1703,4430,108768,93018,713735,1683524,0,9,236,660,16579,14500,111558,262574,442975881,3011354,6,4,5,5,3,1,1,2,1,1,4,1
2016,5,4,47,69,30,66,57,3,3,45686161,91372322,6543617,348000000,0,18,-0.49,0,2,32,935,2441,60904,51301,413109,1074395,0,8,168,392,9955,8276,67943,183113,15436574,1872974,7,7,8,3,6,0,0,0,0,0,5,0
2016,4,30,32,16,3,34,12,14,3,30988326,61976652,5059272,314000000,0,17,-0.61,0,3,28,928,2040,56764,39321,283656,653562,0,6,201,428,12131,7766,54869,124502,12777256,1236205,9,8,6,6,10,0,0,0,1,2,1,0
2016,4,27,25,39,64,2,33,17,2,24574226,49148452,4091488,282000000,0,16,-0.72,0,1,17,512,1348,33175,29182,225918,537517,0,4,83,269,6375,5767,46122,109125,8349785,995415,5,2,7,6,3,0,0,0,1,0,3,1
2016,4,23,46,62,59,35,19,13,5,23703632,47407264,4098868,251000000,0,15,-0.82,0,2,23,464,1345,30677,27393,219052,559314,0,7,94,292,6162,5961,47584,123273,10321521,1021643,4,9,4,2,6,0,1,0,0,1,3,0
2016,4,20,62,30,12,25,52,8,3,21514355,43028710,3680740,227000000,0,14,-0.90,0,1,17,486,1203,32077,25988,198267,469670,0,4,86,242,6787,5540,40349,95511,7684690,876228,8,7,9,4,8,1,0,2,0,1,2,0
2016,4,16,32,3,25,51,18,3,2,21231729,42463458,3835937,205000000,0,13,-0.98,0,1,21,515,1349,32713,26964,198669,457861,0,3,125,282,7391,6167,44762,99623,7869697,876446,8,5,3,2,4,0,0,0,0,0,4,0
2016,4,13,30,35,38,33,64,22,3,17833252,35666504,3286958,184000000,0,12,-1.05,0,3,11,373,858,22144,18111,145878,365139,0,2,80,182,4973,3800,31380,80566,7905138,673500,6,1,3,2,6,0,0,0,0,0,3,0
2016,4,9,14,23,41,61,22,9,3,18041910,36083820,3454976,168000000,0,11,-1.11,0,2,9,333,976,24420,21369,161971,391258,1,3,79,217,5653,5023,38347,92128,9443035,741789,5,4,3,4,5,0,0,0,0,0,3,1
2016,4,6,65,28,49,60,4,25,2,16172722,32345444,3122114,148000000,0,10,-1.17,0,1,8,303,819,19255,16794,135487,341153,1,10,71,161,4262,3965,32414,82719,8795066,637423,4,5,3,4,5,1,0,0,0,1,5,0
2016,4,2,9,61,28,40,30,3,2,17100724,34201448,3437170,135000000,0,9,-1.22,0,1,17,324,953,23254,20762,154674,361060,0,5,75,256,5984,5275,38892,90210,6983711,701742,3,3,4,9,5,0,0,0,0,0,3,0
2016,3,30,55,24,63,53,44,19,2,14832745,29665490,2952127,116000000,0,8,-1.28,0,0,11,256,717,17792,15165,121225,313097,0,2,59,184,4180,3788,30001,79478,4469263,585955,4,1,4,4,4,0,0,0,0,1,4,0
2016,3,26,23,42,68,52,11,6,3,16026004,32052008,3183362,101000000,0,7,-1.33,0,2,11,356,806,20576,17940,140050,333361,2,3,72,179,5054,4353,33706,80355,10921035,636826,3,4,6,7,6,0,0,0,1,0,5,1
2016,3,23,22,15,49,5,8,25,3,13364191,26728382,2751024,90000000,0,6,-1.37,0,1,31,485,1077,26037,18585,119554,261025,0,9,121,306,7237,5090,31292,67457,7462825,538307,4,5,2,4,2,0,0,0,0,1,4,0
2016,3,19,11,60,23,54,43,3,3,14230565,28461130,3012116,80000000,0,5,-1.41,0,0,12,301,723,18581,16129,125483,297271,0,4,68,195,4917,4324,33631,79252,4863943,580891,5,3,2,4,3,0,0,0,0,0,2,0
2016,3,16,46,50,12,13,10,21,3,12819813,25639626,2702203,70000000,0,4,-1.44,0,2,13,300,768,19035,15247,111406,246378,0,2,75,209,5120,4240,30249,65221,6155310,498265,3,5,8,4,4,0,0,2,1,0,4,0
2016,3,12,28,11,50,57,62,23,2,13820128,27640256,2979576,60000000,0,3,-1.47,0,0,10,256,620,16069,13677,112322,272949,0,3,47,173,4314,3515,30432,74629,4278047,529016,3,4,4,5,7,0,0,0,0,1,2,0
2016,3,9,32,34,14,23,68,3,3,12481221,24962442,2679607,50000000,0,2,-1.51,0,0,7,224,622,16316,13291,106664,264488,0,1,56,170,4310,3648,28720,72490,3725895,511007,7,5,4,1,5,0,1,0,0,0,1,0
2016,3,5,3,34,27,59,69,19,2,14602679,29205358,3110256,40000000,0,1,-1.54,0,0,2,268,718,18063,15699,123646,293895,0,3,68,192,4707,4290,33900,81330,4204795,576781,4,4,6,3,6,0,1,1,0,0,3,0
2016,3,2,62,52,13,12,44,6,2,25769222,51538444,4409707,292000000,1,0,-0.68,1,1,18,494,1338,34084,29583,232926,556092,0,1,88,271,6926,5847,47060,112171,300121646,1026901,6,6,3,7,3,1,1,1,2,1,4,1
2016,2,27,22,11,53,21,10,18,3,25103142,50206284,4502871,266000000,0,13,-0.77,0,3,29,731,1511,43218,32248,227512,515282,0,8,192,364,10304,7493,50728,111933,11866107,1001556,3,3,3,2,3,0,0,0,0,0,3,0
2016,2,24,67,21,65,31,64,5,3,22622798,45245596,4003501,236000000,0,12,-0.87,0,1,20,407,1064,27030,23886,197808,519210,0,1,106,236,5436,4765,41969,112617,7693437,934556,5,1,3,6,5,0,0,1,0,0,3,0
2016,2,20,54,12,11,16,15,25,5,22865693,45731386,4171396,212000000,0,11,-0.95,0,6,29,668,1552,38137,29877,209135,456528,1,5,181,360,9094,7014,47208,100178,15829950,899973,3,6,2,7,4,0,1,0,0,0,3,0
2016,2,17,29,27,7,40,17,25,2,18875392,37750784,3517675,189000000,0,10,-1.03,0,3,29,737,1472,38682,24380,169203,376638,0,8,209,353,10065,5803,39136,84482,10480942,751200,5,5,4,8,3,0,1,0,0,1,2,0
2016,2,13,7,15,36,18,19,20,2,20039775,40079550,3832816,176000000,0,9,-1.08,0,4,22,722,1413,37115,24985,174859,388379,0,5,167,348,9351,5925,41217,90044,10801580,774556,3,3,3,3,5,0,0,0,0,1,2,0
2016,2,10,2,62,40,50,3,5,2,18273810,36547620,3458539,157000000,0,8,-1.14,0,0,11,318,1017,23215,21578,168142,399882,0,2,68,209,5225,4984,39538,93719,5465720,757908,5,5,7,3,3,1,0,0,0,0,2,0
2016,2,6,13,4,36,31,52,8,3,19441320,38882640,3840645,136000000,0,7,-1.21,0,1,21,494,1200,29159,24013,177088,406601,0,3,118,282,7102,5925,43624,98634,7477023,794265,2,4,2,5,5,0,1,0,0,0,1,0
2016,2,3,26,60,67,31,28,23,3,17756022,35512044,3499156,112000000,0,6,-1.30,0,1,14,339,803,20795,17769,142867,364692,1,2,77,203,4959,4247,34648,90272,8190750,681689,2,2,4,4,2,0,0,0,0,0,1,0
2016,1,30,16,5,12,31,43,18,4,17969814,35939628,3692738,96000000,0,5,-1.35,0,2,18,570,1255,33123,22576,158322,355994,0,8,161,355,8988,6065,41483,92336,8806398,721256,6,3,5,3,2,0,0,1,0,0,2,0
2016,1,27,40,52,3,67,12,21,2,16016673,32033346,3297846,75000000,0,4,-1.42,0,1,8,337,786,21922,17778,135163,312989,0,2,94,213,5619,4689,35205,81987,5597680,616793,6,4,2,3,4,0,0,0,0,1,3,0
2016,1,23,32,22,40,69,34,19,4,16718548,33437096,3480880,60000000,0,3,-1.47,0,0,14,283,812,20503,17370,136702,345827,0,1,83,218,5137,4585,36467,92735,4999613,660737,6,2,5,5,3,0,0,0,0,1,2,0
2016,1,20,44,5,39,69,47,24,5,17922712,35845424,3498218,50000000,0,2,-1.51,0,1,8,341,917,22375,17979,143568,350903,0,3,68,199,5205,4247,34834,84649,5948550,665297,2,2,1,4,6,0,0,0,0,0,1,0
2016,1,16,61,52,51,64,3,6,2,24242156,48484312,4555607,40000000,0,1,-1.54,0,2,18,387,1060,27857,23739,201090,523284,1,2,84,229,6167,5328,45147,118679,10904575,953074,2,3,1,4,1,0,0,0,0,0,3,1
2016,1,13,8,27,34,4,19,10,2,635103137,1270206274,73128409,1586000000,1,0,3.75,3,73,827,20544,47685,1164124,895097,6343237,14595721,8,107,2834,6597,157552,120695,840981,1914561,5051132270,26110646,1,4,2,3,4,1,1,1,1,1,4,1
2016,1,9,32,16,19,57,34,13,3,440321172,880642344,49356071,900000000,0,19,1.40,0,25,396,10323,27359,666711,570222,4378332,10579429,3,55,1231,3518,83944,73318,561212,1359287,159080965,18315365,5,5,3,4,1,0,0,0,0,0,2,0
2016,1,6,47,2,63,62,11,17,3,176143630,352287260,20349888,500000000,0,18,0.03,0,14,147,3920,10355,254933,220719,1707789,4099781,1,24,503,1336,32461,28988,225429,538583,65947617,7124983,5,4,3,4,1,0,1,0,0,0,2,1
2016,1,2,42,15,6,5,29,10,2,54128602,108257204,7547996,334000000,0,17,-0.54,0,3,62,1505,3758,93312,73446,525256,1204744,1,13,245,590,15869,12391,86127,194286,22872522,2211608,3,2,2,1,4,0,0,0,0,0,3,1
2015,12,30,12,61,54,38,36,22,3,40928656,81857312,5760737,300000000,0,16,-0.65,0,2,36,863,2313,57592,46596,365762,887002,0,5,136,357,9435,7284,58260,142031,13510463,1577674,3,1,2,2,1,1,0,0,0,0,2,0
2015,12,26,65,40,44,59,27,20,2,26048662,52097324,4172123,255000000,0,15,-0.81,0,0,20,522,1373,34459,28539,223148,555591,0,1,106,239,6244,5194,41943,105681,7010628,1003060,2,4,1,2,3,1,0,0,0,0,1,0
2015,12,23,67,16,63,38,55,25,4,27159629,54319258,4243966,227000000,0,14,-0.90,0,1,29,555,1387,35307,29785,237549,607575,0,2,99,254,6225,5229,43132,113765,9009538,1080894,2,4,2,1,3,0,0,0,0,0,1,0
2015,12,19,30,68,59,41,28,10,2,23397197,46794394,3926457,202000000,0,13,-0.99,0,1,20,442,1252,29837,25968,208422,519344,1,7,74,225,5730,5035,41837,105464,10604476,943659,4,4,1,2,1,0,0,0,0,0,2,1
2015,12,16,9,42,10,55,32,6,2,18478518,36957036,3191783,180000000,0,12,-1.06,0,1,22,380,972,26368,22446,169375,389625,0,3,80,211,5547,4463,34206,78273,6910156,731972,2,2,2,2,4,0,0,0,0,0,2,0
2015,12,12,62,2,30,19,14,22,2,18331270,36662540,3316183,164000000,0,11,-1.12,0,2,23,462,1131,28623,21815,158876,367942,0,5,101,243,6492,4738,34694,78941,8222288,704088,3,3,3,2,3,0,1,0,0,0,1,0
2015,12,9,16,46,10,56,7,1,2,16311081,32622162,2923265,145000000,0,10,-1.18,0,1,16,369,899,25499,19331,141406,322035,0,4,78,215,5804,4173,30052,67339,6160483,617221,3,2,1,4,2,0,0,0,0,0,3,0
2015,12,5,47,33,68,27,13,13,2,16347011,32694022,3077783,127000000,0,9,-1.25,0,3,23,343,1061,22880,21301,156324,365224,0,3,90,284,5192,5358,38686,87312,8981585,704084,4,1,3,2,1,0,0,0,0,0,1,0
2015,12,2,14,18,19,64,32,9,2,14393507,28787014,2683235,110000000,0,8,-1.30,0,0,7,247,816,19316,17381,132980,307614,0,3,50,164,4372,3989,30802,69636,4370592,587377,2,2,1,3,3,0,0,0,0,0,2,0
2015,11,28,47,2,66,67,6,2,3,13485578,26971156,2690519,100000000,0,7,-1.34,0,1,7,229,658,15959,14060,109658,268722,0,2,59,144,3730,3458,26798,64463,4769333,507948,3,2,2,1,1,0,1,0,0,0,2,0
2015,11,25,53,16,69,58,29,21,2,13043517,26087034,2602355,90000000,0,6,-1.37,0,0,3,247,578,15526,13060,106157,269641,0,3,47,151,3648,3150,25865,67346,3706484,505422,2,2,3,1,3,0,0,0,0,0,2,0
2015,11,21,37,57,47,50,52,21,3,12548762,25097524,2603070,80000000,0,5,-1.41,0,1,7,223,568,15592,12472,98231,260816,1,0,54,154,4025,3251,25463,69050,6411088,489908,2,3,2,2,2,0,0,0,0,0,1,0
2015,11,18,40,17,46,69,41,6,2,11037922,22075844,2298678,70000000,0,4,-1.44,0,3,7,218,512,13139,11276,89628,230378,1,1,43,124,3363,2680,22725,58664,8177600,432762,3,2,1,2,1,0,1,0,0,0,1,0
2015,11,14,66,37,22,14,45,5,3,12115901,24231802,2585112,60000000,0,3,-1.47,0,0,13,232,584,14667,13178,106298,263030,0,2,65,146,3868,3624,28557,71231,4121915,505495,1,1,1,1,1,0,0,0,0,0,1,0
2015,11,11,26,4,32,55,64,18,3,10412708,20825416,2213546,50000000,0,2,-1.51,0,0,10,180,505,12334,11156,85572,207872,0,0,38,121,3211,2934,23422,56828,3046451,404183,1,2,2,1,2,0,0,0,0,0,1,0
2015,11,7,50,53,7,16,25,15,2,11950141,23900282,2547374,40000000,0,1,-1.54,0,1,10,276,649,17932,13883,104663,237009,0,1,84,170,4889,3772,28391,64037,4699110,475767,1,1,1,1,2,0,0,0,0,0,1,0
2015,11,4,12,2,17,20,65,17,4,16162381,32324762,3049370,142000000,1,0,-1.19,1,1,17,453,1086,26944,20962,148570,336768,0,2,124,331,6663,5194,35581,78070,148329903,660767,2,1,1,4,1,1,1,1,1,1,1,1
2015,10,31,9,47,20,25,68,7,2,16375707,32751414,3177738,127000000,0,9,-1.25,0,0,16,319,1013,22592,21579,164508,382055,0,2,76,236,5487,5520,41986,96116,5710620,741505,1,1,3,1,2,0,0,1,0,0,1,0
2015,10,28,56,62,54,63,4,10,2,13971088,27942176,2684132,110000000,0,8,-1.30,0,0,8,244,673,15926,13912,116810,308800,0,5,55,141,3597,3196,27763,74589,4582683,565719,3,2,1,1,1,0,0,0,0,0,1,1
2015,10,24,20,31,56,64,60,2,3,15135163,30270326,2955762,100000000,0,7,-1.34,0,0,11,263,672,17457,14870,120449,309950,0,3,55,166,3963,3398,27938,72847,4471686,572042,2,2,2,1,1,1,0,0,0,0,1,0
2015,10,21,57,32,30,42,56,11,4,12447514,24895028,2496709,90000000,0,6,-1.37,0,2,4,237,631,14902,13440,108257,280000,0,5,44,142,3647,3381,27546,73320,6202002,525558,2,1,2,1,1,0,0,0,0,0,1,0
2015,10,17,57,62,69,49,48,19,3,13127663,26255326,2700970,80000000,0,5,-1.41,0,1,11,234,581,14517,12381,99691,281454,0,1,50,140,3598,3133,25787,74588,4897217,516167,1,1,1,1,2,0,0,0,0,0,1,0
2015,10,14,20,15,31,40,29,1,2,11609552,23219104,2380290,70000000,0,4,-1.44,0,0,10,277,672,17909,13322,95136,220149,0,2,76,159,4755,3410,24184,55043,3567346,435104,1,1,1,2,2,1,0,0,0,0,2,0
2015,10,10,27,68,12,43,29,1,2,12299521,24599042,2562917,60000000,0,3,-1.47,0,1,9,227,606,16385,12958,98385,232056,0,2,60,164,4312,3315,25283,59223,4601904,452986,1,1,1,1,1,0,0,1,0,0,1,0
2015,10,7,52,40,48,18,30,9,3,10575956,21151912,2159819,50000000,0,2,-1.51,0,4,6,267,608,14397,11887,90985,225032,0,2,79,141,3681,3035,23485,57291,7311904,430900,1,1,1,1,1,0,0,0,0,0,1,0
